lat_deg,f00_off_log2,f00_on_log2,f00_off_dev,f00_on_dev,f32_off_log2,f32_on_log2,f32_off_dev,f32_on_dev,f64_off_log2,f64_on_log2,f64_off_dev,f64_on_dev
29.927,-2.78425,-2.78425,0.24224,0.21943,-2.79213,-2.79213,0.24332,0.22683,-2.79901,-2.79901,0.23193,0.21924
29.839,-2.78685,-2.78685,0.23994,0.21731,-2.79481,-2.79481,0.24100,0.22460,-2.79692,-2.79692,0.23432,0.22183
29.751,-2.78849,-2.78849,0.23860,0.21615,-2.79923,-2.79923,0.23694,0.22065,-2.79736,-2.79736,0.23418,0.22189
29.663,-2.78928,-2.78928,0.23811,0.21584,-2.80491,-2.80491,0.23163,0.21544,-2.79615,-2.79615,0.23569,0.22360
29.575,-2.79009,-2.79009,0.23760,0.21552,-2.80678,-2.80678,0.23013,0.21403,-2.79701,-2.79701,0.23513,0.22324
29.487,-2.79164,-2.79164,0.23636,0.21446,-2.80720,-2.80720,0.23008,0.21408,-2.80022,-2.80022,0.23222,0.22053
29.399,-2.79382,-2.79382,0.23448,0.21276,-2.80769,-2.80769,0.22996,0.21406,-2.80712,-2.80712,0.22562,0.21413
29.312,-2.79624,-2.79624,0.23237,0.21083,-2.81028,-2.81028,0.22774,0.21194,-2.81423,-2.81423,0.21882,0.20753
29.224,-2.79874,-2.79874,0.23017,0.20881,-2.81269,-2.81269,0.22570,0.21000,-2.82148,-2.82148,0.21188,0.20079
29.136,-2.80254,-2.80254,0.22668,0.20551,-2.81351,-2.81351,0.22525,0.20966,-2.82742,-2.82742,0.20625,0.19535
29.048,-2.80469,-2.80469,0.22484,0.20384,-2.81465,-2.81465,0.22449,0.20899,-2.82895,-2.82895,0.20504,0.19434
28.960,-2.80698,-2.80698,0.22287,0.20205,-2.81771,-2.81771,0.22181,0.20641,-2.82859,-2.82859,0.20571,0.19521
28.872,-2.81080,-2.81080,0.21936,0.19873,-2.82009,-2.82009,0.21980,0.20450,-2.82794,-2.82794,0.20668,0.19637
28.784,-2.81371,-2.81371,0.21677,0.19631,-2.81844,-2.81844,0.22183,0.20663,-2.82884,-2.82884,0.20609,0.19598
28.696,-2.81824,-2.81824,0.21256,0.19228,-2.81882,-2.81882,0.22184,0.20673,-2.83093,-2.83093,0.20432,0.19440
28.608,-2.82182,-2.82182,0.20930,0.18919,-2.82236,-2.82236,0.21867,0.20366,-2.83364,-2.83364,0.20193,0.19221
28.521,-2.82646,-2.82646,0.20498,0.18505,-2.82665,-2.82665,0.21477,0.19986,-2.83634,-2.83634,0.19956,0.19002
28.433,-2.82830,-2.82830,0.20346,0.18371,-2.83047,-2.83047,0.21133,0.19652,-2.83921,-2.83921,0.19701,0.18767
28.345,-2.82896,-2.82896,0.20313,0.18355,-2.83330,-2.83330,0.20890,0.19418,-2.84038,-2.84038,0.19617,0.18702
28.257,-2.82818,-2.82818,0.20424,0.18484,-2.83599,-2.83599,0.20659,0.19197,-2.84341,-2.84341,0.19347,0.18450
28.169,-2.82728,-2.82728,0.20547,0.18624,-2.83937,-2.83937,0.20360,0.18907,-2.84823,-2.84823,0.18897,0.18020
28.081,-2.82978,-2.82978,0.20330,0.18424,-2.84435,-2.84435,0.19901,0.18458,-2.85346,-2.85346,0.18408,0.17549
27.993,-2.83169,-2.83169,0.20172,0.18284,-2.84657,-2.84657,0.19719,0.18285,-2.85832,-2.85832,0.17955,0.17115
27.905,-2.83488,-2.83488,0.19887,0.18016,-2.84887,-2.84887,0.19528,0.18104,-2.85815,-2.85815,0.18006,0.17185
27.817,-2.83879,-2.83879,0.19529,0.17675,-2.84967,-2.84967,0.19487,0.18073,-2.85710,-2.85710,0.18144,0.17342
27.729,-2.84118,-2.84118,0.19324,0.17487,-2.85250,-2.85250,0.19244,0.17839,-2.85713,-2.85713,0.18175,0.17391
27.642,-2.84305,-2.84305,0.19171,0.17352,-2.85479,-2.85479,0.19055,0.17659,-2.85769,-2.85769,0.18153,0.17388
27.554,-2.84534,-2.84534,0.18977,0.17174,-2.85727,-2.85727,0.18848,0.17461,-2.85996,-2.85996,0.17961,0.17214
27.466,-2.85014,-2.85014,0.18531,0.16745,-2.85979,-2.85979,0.18635,0.17259,-2.86477,-2.86477,0.17514,0.16785
27.378,-2.85490,-2.85490,0.18089,0.16320,-2.86192,-2.86192,0.18462,0.17095,-2.87004,-2.87005,0.17021,0.16311
27.290,-2.85940,-2.85939,0.17674,0.15922,-2.86425,-2.86424,0.18270,0.16912,-2.87447,-2.87448,0.16613,0.15920
27.202,-2.86325,-2.86324,0.17324,0.15590,-2.86656,-2.86655,0.18080,0.16732,-2.87632,-2.87633,0.16463,0.15788
27.114,-2.86333,-2.86332,0.17351,0.15634,-2.86903,-2.86900,0.17874,0.16536,-2.87623,-2.87625,0.16507,0.15850
27.026,-2.86268,-2.86266,0.17451,0.15752,-2.87186,-2.87183,0.17631,0.16304,-2.87785,-2.87788,0.16380,0.15740
26.938,-2.86470,-2.86468,0.17284,0.15602,-2.87589,-2.87584,0.17270,0.15953,-2.87961,-2.87964,0.16241,0.15617
26.851,-2.86650,-2.86646,0.17140,0.15475,-2.88017,-2.88011,0.16882,0.15576,-2.88437,-2.88442,0.15799,0.15193
26.763,-2.86981,-2.86977,0.16844,0.15197,-2.88514,-2.88507,0.16427,0.15131,-2.88924,-2.88929,0.15349,0.14759
26.675,-2.87307,-2.87301,0.16555,0.14925,-2.89003,-2.88994,0.15980,0.14695,-2.89488,-2.89494,0.14821,0.14248
26.587,-2.87649,-2.87643,0.16248,0.14636,-2.89562,-2.89552,0.15462,0.14188,-2.89870,-2.89878,0.14475,0.13918
26.499,-2.88088,-2.88080,0.15846,0.14251,-2.90050,-2.90037,0.15016,0.13753,-2.90019,-2.90029,0.14362,0.13821
26.411,-2.88202,-2.88193,0.15768,0.14191,-2.90365,-2.90350,0.14743,0.13491,-2.90089,-2.90101,0.14328,0.13804
26.323,-2.88346,-2.88336,0.15661,0.14102,-2.90499,-2.90482,0.14651,0.13410,-2.90157,-2.90170,0.14297,0.13789
26.235,-2.88529,-2.88517,0.15515,0.13973,-2.90554,-2.90534,0.14639,0.13409,-2.90202,-2.90217,0.14289,0.13796
26.147,-2.88532,-2.88518,0.15549,0.14025,-2.90735,-2.90713,0.14499,0.13281,-2.90270,-2.90286,0.14258,0.13781
26.060,-2.88547,-2.88532,0.15572,0.14065,-2.90942,-2.90917,0.14336,0.13129,-2.90549,-2.90567,0.14017,0.13554
25.972,-2.88745,-2.88728,0.15411,0.13922,-2.91328,-2.91300,0.13992,0.12797,-2.90889,-2.90909,0.13714,0.13267
25.884,-2.88829,-2.88810,0.15365,0.13894,-2.91517,-2.91487,0.13845,0.12662,-2.91428,-2.91451,0.13213,0.12780
25.796,-2.89055,-2.89035,0.15176,0.13723,-2.91440,-2.91406,0.13966,0.12794,-2.91752,-2.91777,0.12926,0.12508
25.708,-2.89240,-2.89217,0.15029,0.13594,-2.91274,-2.91237,0.14174,0.13015,-2.92155,-2.92182,0.12561,0.12158
25.620,-2.89534,-2.89509,0.14773,0.13356,-2.91223,-2.91182,0.14269,0.13122,-2.92398,-2.92429,0.12356,0.11967
25.532,-2.89803,-2.89776,0.14542,0.13143,-2.91536,-2.91492,0.14000,0.12865,-2.92472,-2.92505,0.12320,0.11946
25.444,-2.90188,-2.90160,0.14195,0.12814,-2.91846,-2.91799,0.13733,0.12610,-2.92329,-2.92364,0.12502,0.12142
25.356,-2.90381,-2.90350,0.14041,0.12678,-2.91865,-2.91814,0.13758,0.12648,-2.92167,-2.92205,0.12702,0.12356
25.269,-2.90526,-2.90492,0.13935,0.12590,-2.91996,-2.91940,0.13671,0.12574,-2.92376,-2.92417,0.12532,0.12200
25.181,-2.90641,-2.90605,0.13859,0.12531,-2.92301,-2.92241,0.13410,0.12325,-2.92916,-2.92960,0.12031,0.11712
25.093,-2.90817,-2.90778,0.13722,0.12413,-2.92713,-2.92650,0.13041,0.11970,-2.93274,-2.93321,0.11712,0.11406
25.005,-2.90962,-2.90921,0.13616,0.12325,-2.92930,-2.92861,0.12870,0.11811,-2.93202,-2.93253,0.11824,0.11531
24.917,-2.91321,-2.91277,0.13297,0.12024,-2.93298,-2.93225,0.12546,0.11500,-2.93098,-2.93152,0.11967,0.11687
24.829,-2.91734,-2.91687,0.12924,0.11669,-2.93317,-2.93240,0.12571,0.11538,-2.93070,-2.93127,0.12035,0.11768
24.741,-2.92222,-2.92172,0.12476,0.11239,-2.93627,-2.93545,0.12306,0.11287,-2.93236,-2.93297,0.11908,0.11654
24.653,-2.92821,-2.92768,0.11916,0.10698,-2.93974,-2.93887,0.12003,0.10997,-2.93516,-2.93581,0.11668,0.11427
24.565,-2.93295,-2.93239,0.11483,0.10282,-2.94220,-2.94128,0.11803,0.10810,-2.93815,-2.93883,0.11410,0.11181
24.478,-2.93814,-2.93756,0.11004,0.09821,-2.94431,-2.94334,0.11637,0.10657,-2.93793,-2.93865,0.11472,0.11255
24.390,-2.94362,-2.94300,0.10497,0.09333,-2.94840,-2.94738,0.11273,0.10307,-2.94142,-2.94218,0.11164,0.10959
24.302,-2.94642,-2.94577,0.10257,0.09112,-2.94965,-2.94857,0.11194,0.10242,-2.94807,-2.94886,0.10540,0.10347
24.214,-2.94763,-2.94694,0.10177,0.09050,-2.94874,-2.94761,0.11330,0.10392,-2.95266,-2.95350,0.10121,0.09940
24.126,-2.94992,-2.94920,0.09989,0.08880,-2.95249,-2.95130,0.11001,0.10077,-2.95492,-2.95581,0.09936,0.09767
24.038,-2.95436,-2.95361,0.09586,0.08495,-2.95693,-2.95569,0.10603,0.09692,-2.95534,-2.95626,0.09936,0.09778
23.950,-2.95679,-2.95600,0.09385,0.08313,-2.96286,-2.96156,0.10056,0.09159,-2.96093,-2.96190,0.09418,0.09271
23.862,-2.96078,-2.95996,0.09027,0.07973,-2.96734,-2.96598,0.09655,0.08772,-2.96966,-2.97067,0.08587,0.08452
23.774,-2.96549,-2.96464,0.08598,0.07562,-2.96895,-2.96753,0.09540,0.08671,-2.97531,-2.97636,0.08064,0.07940
23.687,-2.96986,-2.96897,0.08203,0.07186,-2.97079,-2.96931,0.09402,0.08548,-2.97934,-2.98044,0.07702,0.07589
23.599,-2.97344,-2.97251,0.07887,0.06888,-2.97215,-2.97061,0.09313,0.08473,-2.97942,-2.98057,0.07737,0.07634
23.511,-2.97601,-2.97504,0.07672,0.06692,-2.97388,-2.97228,0.09186,0.08360,-2.97808,-2.97928,0.07913,0.07821
23.423,-2.97750,-2.97650,0.07565,0.06603,-2.97769,-2.97602,0.08853,0.08041,-2.97570,-2.97694,0.08194,0.08112
23.335,-2.97818,-2.97713,0.07541,0.06597,-2.98185,-2.98012,0.08483,0.07687,-2.97567,-2.97696,0.08239,0.08168
23.247,-2.98044,-2.97936,0.07357,0.06431,-2.98469,-2.98288,0.08247,0.07465,-2.97652,-2.97786,0.08196,0.08135
23.159,-2.98242,-2.98130,0.07202,0.06295,-2.98481,-2.98294,0.08282,0.07514,-2.97961,-2.98100,0.07931,0.07879
23.071,-2.98537,-2.98421,0.06950,0.06061,-2.98647,-2.98454,0.08163,0.07410,-2.98362,-2.98506,0.07573,0.07532
22.983,-2.98707,-2.98586,0.06824,0.05953,-2.98816,-2.98615,0.08043,0.07305,-2.98883,-2.99033,0.07095,0.07063
22.896,-2.98842,-2.98717,0.06732,0.05880,-2.99021,-2.98813,0.07886,0.07162,-2.99400,-2.99554,0.06622,0.06600
22.808,-2.98944,-2.98815,0.06674,0.05840,-2.99348,-2.99133,0.07606,0.06898,-2.99885,-3.00044,0.06181,0.06168
22.720,-2.99068,-2.98934,0.06595,0.05779,-2.99481,-2.99259,0.07521,0.06828,-3.00350,-3.00515,0.05760,0.05756
22.632,-2.99199,-2.99061,0.06507,0.05710,-2.99866,-2.99637,0.07184,0.06506,-3.00653,-3.00823,0.05501,0.05507
22.544,-2.99421,-2.99278,0.06330,0.05551,-3.00139,-2.99902,0.06960,0.06297,-3.00630,-3.00806,0.05568,0.05583
22.456,-2.99588,-2.99440,0.06207,0.05447,-3.00311,-3.00067,0.06837,0.06189,-3.00510,-3.00692,0.05732,0.05756
22.368,-2.99772,-2.99620,0.06068,0.05326,-3.00333,-3.00082,0.06863,0.06230,-3.00532,-3.00719,0.05755,0.05787
22.280,-2.99938,-2.99782,0.05946,0.05223,-3.00617,-3.00358,0.06628,0.06010,-3.00490,-3.00682,0.05842,0.05883
22.192,-3.00149,-2.99988,0.05781,0.05076,-3.01010,-3.00743,0.06285,0.05682,-3.00598,-3.00796,0.05779,0.05828
22.104,-3.00363,-3.00198,0.05611,0.04925,-3.01226,-3.00952,0.06117,0.05530,-3.00538,-3.00742,0.05884,0.05942
22.017,-3.00575,-3.00405,0.05445,0.04776,-3.01364,-3.01082,0.06029,0.05457,-3.00654,-3.00864,0.05813,0.05879
21.929,-3.00803,-3.00628,0.05263,0.04613,-3.01453,-3.01163,0.05989,0.05433,-3.00851,-3.01066,0.05662,0.05736
21.841,-3.00919,-3.00739,0.05192,0.04560,-3.01485,-3.01186,0.06007,0.05466,-3.01133,-3.01354,0.05426,0.05508
21.753,-3.01041,-3.00856,0.05116,0.04503,-3.01453,-3.01146,0.06089,0.05564,-3.01530,-3.01758,0.05074,0.05164
21.665,-3.01205,-3.01015,0.04998,0.04403,-3.01543,-3.01228,0.06049,0.05539,-3.01803,-3.02037,0.04847,0.04945
21.577,-3.01338,-3.01144,0.04911,0.04334,-3.01607,-3.01285,0.06034,0.05540,-3.01939,-3.02179,0.04757,0.04863
21.489,-3.01455,-3.01255,0.04840,0.04282,-3.01957,-3.01626,0.05734,0.05256,-3.02096,-3.02343,0.04646,0.04759
21.401,-3.01604,-3.01399,0.04738,0.04198,-3.02391,-3.02052,0.05350,0.04888,-3.01858,-3.02110,0.04931,0.05052
21.313,-3.01541,-3.01331,0.04848,0.04327,-3.02715,-3.02367,0.05077,0.04631,-3.01644,-3.01902,0.05192,0.05320
21.226,-3.01334,-3.01119,0.05102,0.04599,-3.02747,-3.02391,0.05096,0.04665,-3.01829,-3.02094,0.05053,0.05188
21.138,-3.01016,-3.00796,0.05467,0.04982,-3.02734,-3.02369,0.05159,0.04744,-3.01958,-3.02229,0.04972,0.05114
21.050,-3.00751,-3.00526,0.05779,0.05312,-3.02571,-3.02198,0.05373,0.04974,-3.02026,-3.02304,0.04951,0.05100
20.962,-3.00800,-3.00570,0.05777,0.05329,-3.02853,-3.02471,0.05143,0.04759,-3.02156,-3.02440,0.04868,0.05024
20.874,-3.00983,-3.00747,0.05642,0.05211,-3.03248,-3.02857,0.04798,0.04431,-3.02313,-3.02603,0.04759,0.04922
20.786,-3.01172,-3.00931,0.05500,0.05088,-3.03298,-3.02899,0.04800,0.04448,-3.02698,-3.02995,0.04422,0.04591
20.698,-3.01171,-3.00925,0.05550,0.05156,-3.03109,-3.02700,0.05041,0.04705,-3.02955,-3.03259,0.04212,0.04388
20.610,-3.01168,-3.00916,0.05601,0.05225,-3.02830,-3.02413,0.05371,0.05051,-3.03044,-3.03355,0.04171,0.04353
20.522,-3.01285,-3.01027,0.05533,0.05175,-3.02657,-3.02230,0.05596,0.05293,-3.03037,-3.03354,0.04227,0.04415
20.435,-3.01457,-3.01194,0.05409,0.05069,-3.02788,-3.02353,0.05517,0.05230,-3.02893,-3.03217,0.04419,0.04614
20.347,-3.01620,-3.01351,0.05295,0.04973,-3.03194,-3.02750,0.05163,0.04892,-3.02802,-3.03133,0.04559,0.04759
20.259,-3.01739,-3.01465,0.05225,0.04921,-3.03738,-3.03284,0.04672,0.04416,-3.02874,-3.03211,0.04536,0.04742
20.171,-3.01780,-3.01500,0.05233,0.04947,-3.03797,-3.03335,0.04665,0.04425,-3.02928,-3.03272,0.04531,0.04743
20.083,-3.01762,-3.01477,0.05300,0.05032,-3.03435,-3.02963,0.05079,0.04856,-3.03050,-3.03401,0.04458,0.04676
19.995,-3.01781,-3.01490,0.05330,0.05081,-3.03118,-3.02637,0.05449,0.05242,-3.03357,-3.03715,0.04200,0.04423
19.907,-3.01919,-3.01623,0.05241,0.05010,-3.03172,-3.02682,0.05448,0.05257,-3.03609,-3.03973,0.03998,0.04227
19.819,-3.02116,-3.01815,0.05094,0.04880,-3.03246,-3.02746,0.05427,0.05252,-3.03824,-3.04195,0.03833,0.04067
19.731,-3.02237,-3.01929,0.05024,0.04828,-3.03337,-3.02829,0.05388,0.05230,-3.03841,-3.04219,0.03865,0.04105
19.644,-3.02501,-3.02188,0.04809,0.04631,-3.03323,-3.02805,0.05456,0.05314,-3.03820,-3.04205,0.03936,0.04182
19.556,-3.02872,-3.02553,0.04489,0.04328,-3.03265,-3.02738,0.05567,0.05441,-3.03682,-3.04075,0.04124,0.04375
19.468,-3.03171,-3.02847,0.04240,0.04098,-3.03639,-3.03102,0.05247,0.05137,-3.03664,-3.04064,0.04193,0.04448
19.380,-3.03510,-3.03180,0.03952,0.03827,-3.04048,-3.03501,0.04892,0.04798,-3.03981,-3.04388,0.03926,0.04187
19.292,-3.03886,-3.03550,0.03627,0.03520,-3.04593,-3.04037,0.04400,0.04322,-3.04607,-3.05021,0.03351,0.03616
19.204,-3.04280,-3.03939,0.03283,0.03194,-3.05293,-3.04727,0.03755,0.03693,-3.05209,-3.05630,0.02800,0.03070
19.116,-3.04705,-3.04358,0.02910,0.02838,-3.05982,-3.05406,0.03120,0.03075,-3.05559,-3.05987,0.02501,0.02776
19.028,-3.05116,-3.04763,0.02550,0.02496,-3.06308,-3.05723,0.02848,0.02819,-3.05966,-3.06401,0.02146,0.02425
18.940,-3.05418,-3.05059,0.02299,0.02263,-3.06359,-3.05764,0.02852,0.02839,-3.06190,-3.06632,0.01973,0.02257
18.853,-3.05677,-3.05312,0.02093,0.02074,-3.06815,-3.06211,0.02449,0.02453,-3.06078,-3.06528,0.02136,0.02425
18.765,-3.05782,-3.05412,0.02039,0.02037,-3.07595,-3.06981,0.01725,0.01744,-3.05954,-3.06411,0.02312,0.02605
18.677,-3.05802,-3.05425,0.02071,0.02087,-3.07962,-3.07339,0.01412,0.01448,-3.05995,-3.06459,0.02323,0.02620
18.589,-3.06094,-3.05712,0.01831,0.01864,-3.08067,-3.07434,0.01363,0.01414,-3.06323,-3.06794,0.02047,0.02349
18.501,-3.06367,-3.05979,0.01611,0.01661,-3.08079,-3.07436,0.01406,0.01473,-3.06629,-3.07107,0.01794,0.02099
18.413,-3.06310,-3.05916,0.01721,0.01789,-3.08069,-3.07416,0.01471,0.01555,-3.07107,-3.07592,0.01368,0.01678
18.325,-3.06360,-3.05960,0.01723,0.01808,-3.08008,-3.07346,0.01587,0.01688,-3.07412,-3.07905,0.01116,0.01429
18.237,-3.06465,-3.06059,0.01671,0.01773,-3.07931,-3.07259,0.01720,0.01836,-3.07625,-3.08125,0.00955,0.01273
18.149,-3.06435,-3.06024,0.01754,0.01873,-3.08093,-3.07411,0.01613,0.01746,-3.07597,-3.08105,0.01036,0.01357
18.062,-3.06340,-3.05922,0.01903,0.02039,-3.08343,-3.07651,0.01420,0.01568,-3.07587,-3.08102,0.01100,0.01424
17.974,-3.06476,-3.06053,0.01820,0.01974,-3.08522,-3.07821,0.01297,0.01461,-3.07588,-3.08110,0.01152,0.01481
17.886,-3.06993,-3.06564,0.01356,0.01527,-3.08461,-3.07749,0.01414,0.01595,-3.07782,-3.08311,0.01012,0.01344
17.798,-3.07491,-3.07056,0.00912,0.01099,-3.08576,-3.07855,0.01355,0.01551,-3.07995,-3.08531,0.00853,0.01188
17.710,-3.07658,-3.07216,0.00800,0.01004,-3.09055,-3.08324,0.00933,0.01146,-3.08175,-3.08719,0.00726,0.01065
17.622,-3.07911,-3.07464,0.00600,0.00822,-3.09425,-3.08684,0.00620,0.00848,-3.08497,-3.09048,0.00458,0.00800
17.534,-3.08195,-3.07742,0.00371,0.00609,-3.09849,-3.09098,0.00252,0.00496,-3.08794,-3.09353,0.00215,0.00561
17.446,-3.08349,-3.07890,0.00271,0.00526,-3.10349,-3.09588,-0.00191,0.00070,-3.08947,-3.09513,0.00117,0.00466
17.358,-3.08411,-3.07946,0.00264,0.00536,-3.10771,-3.10001,-0.00556,-0.00280,-3.09098,-3.09671,0.00020,0.00372
17.271,-3.08394,-3.07923,0.00336,0.00624,-3.10872,-3.10092,-0.00600,-0.00307,-3.09055,-3.09635,0.00118,0.00473
17.183,-3.08413,-3.07936,0.00372,0.00677,-3.10773,-3.09983,-0.00444,-0.00135,-3.09227,-3.09814,0.00002,0.00360
17.095,-3.08560,-3.08078,0.00280,0.00601,-3.10919,-3.10118,-0.00531,-0.00207,-3.09433,-3.10027,-0.00149,0.00212
17.007,-3.08854,-3.08365,0.00042,0.00380,-3.11148,-3.10337,-0.00703,-0.00362,-3.09606,-3.10208,-0.00267,0.00097
16.919,-3.09241,-3.08746,-0.00290,0.00065,-3.11255,-3.10434,-0.00753,-0.00396,-3.09724,-3.10334,-0.00330,0.00037
16.831,-3.09430,-3.08929,-0.00423,-0.00052,-3.11488,-3.10657,-0.00927,-0.00555,-3.09796,-3.10413,-0.00347,0.00023
16.743,-3.09397,-3.08891,-0.00335,0.00053,-3.11544,-3.10702,-0.00925,-0.00536,-3.09689,-3.10312,-0.00183,0.00189
16.655,-3.09425,-3.08913,-0.00306,0.00097,-3.11587,-3.10735,-0.00910,-0.00505,-3.09838,-3.10469,-0.00276,0.00099
16.567,-3.09559,-3.09041,-0.00384,0.00036,-3.11756,-3.10894,-0.01021,-0.00600,-3.10132,-3.10770,-0.00514,-0.00137
16.479,-3.09815,-3.09291,-0.00584,-0.00148,-3.12109,-3.11236,-0.01315,-0.00877,-3.10672,-3.11317,-0.00997,-0.00618
16.392,-3.10127,-3.09597,-0.00839,-0.00387,-3.12510,-3.11627,-0.01657,-0.01204,-3.10909,-3.11562,-0.01179,-0.00796
16.304,-3.10491,-3.09955,-0.01146,-0.00678,-3.12690,-3.11796,-0.01778,-0.01308,-3.11042,-3.11702,-0.01255,-0.00870
16.216,-3.10980,-3.10438,-0.01578,-0.01094,-3.12583,-3.11679,-0.01613,-0.01127,-3.11243,-3.11911,-0.01399,-0.01012
16.128,-3.11175,-3.10627,-0.01716,-0.01215,-3.12408,-3.11493,-0.01379,-0.00876,-3.11552,-3.12226,-0.01650,-0.01261
16.040,-3.11022,-3.10469,-0.01506,-0.00990,-3.12415,-3.11489,-0.01326,-0.00808,-3.11770,-3.12451,-0.01811,-0.01419
15.952,-3.11094,-3.10534,-0.01520,-0.00988,-3.12687,-3.11751,-0.01539,-0.01004,-3.11893,-3.12582,-0.01877,-0.01483
15.864,-3.11644,-3.11078,-0.02012,-0.01464,-3.13152,-3.12204,-0.01944,-0.01392,-3.11788,-3.12484,-0.01715,-0.01319
15.776,-3.12230,-3.11659,-0.02541,-0.01977,-3.13572,-3.12615,-0.02305,-0.01737,-3.11713,-3.12416,-0.01581,-0.01183
15.688,-3.12417,-3.11839,-0.02669,-0.02090,-3.14118,-3.13149,-0.02790,-0.02206,-3.11933,-3.12644,-0.01744,-0.01344
15.601,-3.12473,-3.11890,-0.02667,-0.02072,-3.14289,-3.13310,-0.02902,-0.02302,-3.12429,-3.13147,-0.02182,-0.01780
15.513,-3.12484,-3.11895,-0.02620,-0.02010,-3.14207,-3.13217,-0.02759,-0.02143,-3.12978,-3.13702,-0.02672,-0.02268
15.425,-3.12663,-3.12068,-0.02740,-0.02114,-3.13957,-3.12956,-0.02449,-0.01817,-3.13395,-3.14127,-0.03031,-0.02625
15.337,-3.12875,-3.12275,-0.02894,-0.02253,-3.14096,-3.13085,-0.02528,-0.01880,-3.13538,-3.14277,-0.03115,-0.02708
15.249,-3.12957,-3.12350,-0.02916,-0.02260,-3.14688,-3.13666,-0.03059,-0.02395,-3.13602,-3.14348,-0.03121,-0.02711
15.161,-3.13165,-3.12553,-0.03066,-0.02395,-3.14978,-3.13946,-0.03288,-0.02608,-3.13659,-3.14412,-0.03118,-0.02707
15.073,-3.13551,-3.12933,-0.03392,-0.02706,-3.15600,-3.14556,-0.03849,-0.03153,-3.13783,-3.14543,-0.03183,-0.02771
14.985,-3.14015,-3.13391,-0.03797,-0.03095,-3.15933,-3.14878,-0.04121,-0.03409,-3.14084,-3.14850,-0.03425,-0.03010
14.897,-3.14298,-3.13669,-0.04020,-0.03304,-3.15812,-3.14747,-0.03939,-0.03211,-3.14139,-3.14912,-0.03420,-0.03004
14.810,-3.14413,-3.13778,-0.04075,-0.03344,-3.15998,-3.14923,-0.04064,-0.03320,-3.14120,-3.14900,-0.03342,-0.02924
14.722,-3.14468,-3.13827,-0.04070,-0.03324,-3.16200,-3.15114,-0.04205,-0.03445,-3.14039,-3.14826,-0.03201,-0.02781
14.634,-3.14665,-3.14019,-0.04207,-0.03446,-3.16516,-3.15419,-0.04459,-0.03683,-3.13985,-3.14778,-0.03086,-0.02665
14.546,-3.14988,-3.14336,-0.04469,-0.03694,-3.16729,-3.15621,-0.04610,-0.03818,-3.13868,-3.14668,-0.02910,-0.02487
14.458,-3.15375,-3.14718,-0.04796,-0.04006,-3.16943,-3.15825,-0.04762,-0.03955,-3.14322,-3.15129,-0.03304,-0.02879
14.370,-3.15815,-3.15152,-0.05176,-0.04371,-3.17053,-3.15925,-0.04810,-0.03988,-3.14684,-3.15497,-0.03604,-0.03178
14.282,-3.16053,-3.15384,-0.05352,-0.04533,-3.17055,-3.15916,-0.04750,-0.03912,-3.15005,-3.15824,-0.03865,-0.03437
14.194,-3.16110,-3.15436,-0.05348,-0.04515,-3.17298,-3.16148,-0.04930,-0.04076,-3.15121,-3.15947,-0.03920,-0.03491
14.106,-3.15961,-3.15281,-0.05138,-0.04290,-3.17329,-3.16168,-0.04898,-0.04029,-3.15183,-3.16016,-0.03921,-0.03491
14.019,-3.15696,-3.15011,-0.04812,-0.03950,-3.17455,-3.16284,-0.04962,-0.04077,-3.15236,-3.16075,-0.03913,-0.03481
13.931,-3.15545,-3.14854,-0.04599,-0.03723,-3.17548,-3.16366,-0.04992,-0.04092,-3.15371,-3.16216,-0.03986,-0.03553
13.843,-3.15560,-3.14864,-0.04553,-0.03662,-3.17474,-3.16282,-0.04855,-0.03940,-3.15657,-3.16509,-0.04211,-0.03776
13.755,-3.15686,-3.14987,-0.04617,-0.03715,-3.17436,-3.16238,-0.04754,-0.03828,-3.15926,-3.16787,-0.04418,-0.03985
13.667,-3.16062,-3.15408,-0.04931,-0.04066,-3.17676,-3.16557,-0.04931,-0.04078,-3.16108,-3.17043,-0.04538,-0.04172
13.579,-3.16428,-3.15830,-0.05234,-0.04416,-3.18134,-3.17114,-0.05326,-0.04568,-3.16056,-3.17081,-0.04423,-0.04139
13.491,-3.16761,-3.16219,-0.05505,-0.04734,-3.18546,-3.17626,-0.05674,-0.05011,-3.16123,-3.17238,-0.04429,-0.04227
13.403,-3.16979,-3.16493,-0.05660,-0.04937,-3.18438,-3.17617,-0.05503,-0.04934,-3.16045,-3.17249,-0.04288,-0.04169
13.315,-3.17004,-3.16574,-0.05622,-0.04947,-3.18176,-3.17453,-0.05177,-0.04702,-3.16196,-3.17490,-0.04376,-0.04339
13.228,-3.16839,-3.16467,-0.05394,-0.04770,-3.18091,-3.17461,-0.05027,-0.04641,-3.16418,-3.17799,-0.04535,-0.04579
13.140,-3.16867,-3.16574,-0.05358,-0.04805,-3.18365,-3.17808,-0.05238,-0.04919,-3.16599,-3.18059,-0.04653,-0.04768
13.052,-3.16999,-3.16786,-0.05428,-0.04946,-3.18516,-3.18030,-0.05324,-0.05072,-3.16472,-3.18009,-0.04463,-0.04648
12.964,-3.17089,-3.16956,-0.05454,-0.05043,-3.18812,-3.18399,-0.05555,-0.05371,-3.16403,-3.18017,-0.04330,-0.04585
12.876,-3.17127,-3.17073,-0.05428,-0.05089,-3.19113,-3.18773,-0.05792,-0.05676,-3.16571,-3.18264,-0.04435,-0.04762
12.788,-3.17092,-3.17117,-0.05330,-0.05062,-3.19299,-3.19031,-0.05913,-0.05865,-3.16778,-3.18549,-0.04579,-0.04977
12.700,-3.16938,-3.17040,-0.05111,-0.04913,-3.18915,-3.18717,-0.05464,-0.05482,-3.17034,-3.18882,-0.04770,-0.05239
12.612,-3.17027,-3.17208,-0.05136,-0.05008,-3.18716,-3.18594,-0.05200,-0.05289,-3.17243,-3.19167,-0.04916,-0.05453
12.524,-3.17117,-3.17376,-0.05162,-0.05103,-3.18740,-3.18695,-0.05159,-0.05321,-3.17276,-3.19274,-0.04885,-0.05489
12.437,-3.17169,-3.17505,-0.05149,-0.05161,-3.18822,-3.18854,-0.05176,-0.05410,-3.17473,-3.19546,-0.05017,-0.05690
12.349,-3.17022,-3.17435,-0.04937,-0.05018,-3.18717,-3.18825,-0.05005,-0.05311,-3.17685,-3.19833,-0.05164,-0.05906
12.261,-3.16908,-3.17397,-0.04758,-0.04908,-3.18548,-3.18730,-0.04771,-0.05146,-3.17764,-3.19986,-0.05179,-0.05987
12.173,-3.17029,-3.17585,-0.04814,-0.05022,-3.18623,-3.18863,-0.04780,-0.05209,-3.17606,-3.19890,-0.04955,-0.05821
12.085,-3.17262,-3.17881,-0.04982,-0.05246,-3.18585,-3.18876,-0.04676,-0.05152,-3.17341,-3.19685,-0.04626,-0.05544
11.997,-3.17430,-3.18113,-0.05084,-0.05404,-3.18670,-3.19013,-0.04696,-0.05219,-3.16945,-3.19347,-0.04164,-0.05134
11.909,-3.17462,-3.18208,-0.05051,-0.05426,-3.18747,-3.19142,-0.04706,-0.05277,-3.16908,-3.19371,-0.04061,-0.05086
11.821,-3.17551,-3.18359,-0.05074,-0.05505,-3.18576,-3.19020,-0.04469,-0.05084,-3.17264,-3.19792,-0.04352,-0.05436
11.733,-3.17505,-3.18375,-0.04962,-0.05447,-3.18452,-3.18942,-0.04278,-0.04936,-3.17642,-3.20234,-0.04664,-0.05806
11.646,-3.17283,-3.18215,-0.04674,-0.05213,-3.18525,-3.19053,-0.04285,-0.04976,-3.17787,-3.20431,-0.04743,-0.05931
11.558,-3.16888,-3.17879,-0.04213,-0.04804,-3.18672,-3.19238,-0.04365,-0.05090,-3.17669,-3.20362,-0.04559,-0.05790
11.470,-3.16845,-3.17898,-0.04103,-0.04749,-3.18947,-3.19554,-0.04573,-0.05335,-3.17637,-3.20379,-0.04460,-0.05735
11.382,-3.17270,-3.18392,-0.04461,-0.05170,-3.19027,-3.19672,-0.04586,-0.05382,-3.17689,-3.20481,-0.04446,-0.05765
11.294,-3.17701,-3.18893,-0.04825,-0.05597,-3.19099,-3.19782,-0.04591,-0.05421,-3.17779,-3.20622,-0.04469,-0.05833
11.206,-3.17769,-3.19025,-0.04826,-0.05654,-3.19120,-3.19840,-0.04544,-0.05408,-3.17691,-3.20592,-0.04314,-0.05731
11.118,-3.17494,-3.18809,-0.04484,-0.05364,-3.18999,-3.19755,-0.04356,-0.05251,-3.17725,-3.20703,-0.04282,-0.05769
11.030,-3.17254,-3.18628,-0.04176,-0.05109,-3.18846,-3.19637,-0.04135,-0.05062,-3.17590,-3.20640,-0.04079,-0.05634
10.942,-3.17274,-3.18711,-0.04129,-0.05117,-3.18846,-3.19675,-0.04067,-0.05027,-3.17758,-3.20886,-0.04180,-0.05806
10.854,-3.17340,-3.18841,-0.04127,-0.05173,-3.18968,-3.19837,-0.04121,-0.05118,-3.17713,-3.20915,-0.04067,-0.05763
10.767,-3.17365,-3.18928,-0.04084,-0.05185,-3.19150,-3.20061,-0.04235,-0.05270,-3.17433,-3.20706,-0.03719,-0.05480
10.679,-3.17365,-3.18986,-0.04016,-0.05169,-3.19223,-3.20177,-0.04240,-0.05314,-3.17051,-3.20399,-0.03270,-0.05100
10.591,-3.17538,-3.19218,-0.04120,-0.05325,-3.19301,-3.20299,-0.04249,-0.05363,-3.16930,-3.20359,-0.03080,-0.04987
10.503,-3.17545,-3.19281,-0.04059,-0.05314,-3.19339,-3.20381,-0.04219,-0.05373,-3.16536,-3.20041,-0.02617,-0.04596
10.415,-3.17430,-3.19220,-0.03876,-0.05178,-3.19065,-3.20144,-0.03876,-0.05063,-3.16527,-3.20115,-0.02540,-0.04596
10.327,-3.17299,-3.19142,-0.03675,-0.05024,-3.18941,-3.20060,-0.03684,-0.04907,-3.16686,-3.20360,-0.02631,-0.04768
10.239,-3.17392,-3.19292,-0.03699,-0.05098,-3.18753,-3.19914,-0.03426,-0.04688,-3.16948,-3.20706,-0.02824,-0.05040
10.151,-3.17523,-3.19469,-0.03762,-0.05200,-3.18858,-3.20082,-0.03462,-0.04784,-3.17118,-3.20928,-0.02925,-0.05188
10.063,-3.17691,-3.19683,-0.03860,-0.05338,-3.19011,-3.20301,-0.03546,-0.04930,-3.17294,-3.21153,-0.03032,-0.05340
9.976,-3.17847,-3.19885,-0.03947,-0.05464,-3.19179,-3.20537,-0.03645,-0.05093,-3.17339,-3.21244,-0.03007,-0.05357
9.888,-3.17707,-3.19784,-0.03736,-0.05287,-3.19243,-3.20666,-0.03639,-0.05149,-3.17280,-3.21230,-0.02879,-0.05268
9.800,-3.17572,-3.19688,-0.03531,-0.05116,-3.19098,-3.20583,-0.03425,-0.04992,-3.17137,-3.21129,-0.02667,-0.05093
9.712,-3.17489,-3.19645,-0.03379,-0.04996,-3.18874,-3.20418,-0.03130,-0.04754,-3.16972,-3.21010,-0.02431,-0.04900
9.624,-3.17504,-3.19697,-0.03324,-0.04972,-3.18554,-3.20157,-0.02741,-0.04419,-3.16976,-3.21071,-0.02365,-0.04886
9.536,-3.17649,-3.19881,-0.03398,-0.05080,-3.18362,-3.20026,-0.02479,-0.04215,-3.17195,-3.21351,-0.02514,-0.05092
9.448,-3.17644,-3.19913,-0.03322,-0.05035,-3.18352,-3.20081,-0.02398,-0.04196,-3.17385,-3.21602,-0.02634,-0.05268
9.360,-3.17543,-3.19848,-0.03151,-0.04893,-3.18392,-3.20189,-0.02368,-0.04230,-3.17301,-3.21572,-0.02479,-0.05164
9.272,-3.17147,-3.19480,-0.02684,-0.04449,-3.18475,-3.20341,-0.02380,-0.04308,-3.17005,-3.21326,-0.02112,-0.04843
9.185,-3.16686,-3.19053,-0.02151,-0.03945,-3.18378,-3.20296,-0.02213,-0.04189,-3.16622,-3.20998,-0.01658,-0.04440
9.097,-3.16295,-3.18703,-0.01690,-0.03518,-3.18483,-3.20451,-0.02246,-0.04270,-3.16315,-3.20753,-0.01280,-0.04120
9.009,-3.15992,-3.18441,-0.01314,-0.03179,-3.18322,-3.20335,-0.02015,-0.04080,-3.16231,-3.20735,-0.01125,-0.04027
8.921,-3.15712,-3.18204,-0.00963,-0.02864,-3.18172,-3.20228,-0.01793,-0.03898,-3.16284,-3.20858,-0.01107,-0.04074
8.833,-3.15583,-3.18122,-0.00762,-0.02705,-3.18052,-3.20153,-0.01602,-0.03749,-3.16199,-3.20839,-0.00950,-0.03980
8.745,-3.15438,-3.18021,-0.00545,-0.02526,-3.17869,-3.20011,-0.01348,-0.03531,-3.16132,-3.20835,-0.00811,-0.03901
8.657,-3.15470,-3.18084,-0.00505,-0.02512,-3.17927,-3.20088,-0.01334,-0.03534,-3.15862,-3.20582,-0.00469,-0.03572
8.569,-3.15557,-3.18202,-0.00520,-0.02552,-3.18042,-3.20219,-0.01377,-0.03590,-3.15576,-3.20306,-0.00111,-0.03220
8.481,-3.15657,-3.18333,-0.00547,-0.02605,-3.17998,-3.20188,-0.01261,-0.03484,-3.15541,-3.20286,-0.00003,-0.03124
8.394,-3.15780,-3.18487,-0.00597,-0.02681,-3.18024,-3.20229,-0.01215,-0.03450,-3.15662,-3.20426,-0.00052,-0.03188
8.306,-3.15725,-3.18460,-0.00469,-0.02576,-3.18032,-3.20251,-0.01151,-0.03397,-3.15928,-3.20715,-0.00246,-0.03401
8.218,-3.15635,-3.18372,-0.00306,-0.02409,-3.17954,-3.20159,-0.01001,-0.03229,-3.15927,-3.20706,-0.00172,-0.03316
8.130,-3.15579,-3.18257,-0.00177,-0.02216,-3.17801,-3.19922,-0.00775,-0.02916,-3.15849,-3.20558,-0.00020,-0.03092
8.042,-3.15746,-3.18370,-0.00270,-0.02250,-3.17561,-3.19596,-0.00463,-0.02515,-3.15289,-3.19917,0.00613,-0.02375
7.954,-3.16051,-3.18625,-0.00502,-0.02426,-3.17375,-3.19326,-0.00204,-0.02169,-3.14800,-3.19351,0.01175,-0.01733
7.866,-3.16348,-3.18871,-0.00725,-0.02595,-3.17122,-3.18987,0.00122,-0.01754,-3.14909,-3.19397,0.01139,-0.01702
7.778,-3.16277,-3.18740,-0.00580,-0.02385,-3.16900,-3.18680,0.00418,-0.01371,-3.15272,-3.19702,0.00850,-0.01930
7.690,-3.16223,-3.18503,-0.00452,-0.02068,-3.16708,-3.18294,0.00682,-0.00909,-3.15614,-3.19868,0.00582,-0.02020
7.603,-3.16383,-3.18395,-0.00538,-0.01881,-3.16601,-3.17912,0.00863,-0.00451,-3.15927,-3.19918,0.00344,-0.01992
7.515,-3.16811,-3.18559,-0.00891,-0.01966,-3.16831,-3.17877,0.00706,-0.00339,-3.15967,-3.19690,0.00377,-0.01687
7.427,-3.16802,-3.18278,-0.00807,-0.01605,-3.17067,-3.17846,0.00544,-0.00232,-3.15839,-3.19291,0.00580,-0.01211
7.339,-3.16554,-3.17754,-0.00485,-0.01002,-3.17347,-3.17860,0.00338,-0.00170,-3.16097,-3.19285,0.00396,-0.01129
7.251,-3.16529,-3.17444,-0.00385,-0.00613,-3.17659,-3.17897,0.00100,-0.00129,-3.16225,-3.19136,0.00343,-0.00902
7.163,-3.17131,-3.17575,-0.00912,-0.00663,-3.18109,-3.17906,-0.00276,-0.00062,-3.16580,-3.19038,0.00063,-0.00727
7.075,-3.18137,-3.18070,-0.01843,-0.01079,-3.18466,-3.17786,-0.00559,0.00135,-3.16792,-3.18759,-0.00074,-0.00370
6.987,-3.19149,-3.18566,-0.02778,-0.01495,-3.18789,-3.17630,-0.00807,0.00368,-3.17033,-3.18508,-0.00239,-0.00041
6.899,-3.19402,-3.18298,-0.02956,-0.01147,-3.18825,-3.17188,-0.00769,0.00887,-3.17489,-3.18473,-0.00619,0.00072
6.812,-3.19124,-3.17502,-0.02602,-0.00270,-3.18951,-3.16836,-0.00820,0.01316,-3.18090,-3.18580,-0.01145,0.00042
6.724,-3.18724,-3.16561,-0.02125,0.00751,-3.19239,-3.16619,-0.01033,0.01611,-3.19096,-3.19064,-0.02075,-0.00364
6.636,-3.18817,-3.16024,-0.02142,0.01369,-3.20072,-3.16847,-0.01791,0.01461,-3.19848,-3.19213,-0.02751,-0.00435
6.548,-3.19294,-3.15864,-0.02544,0.01609,-3.20971,-3.17133,-0.02615,0.01252,-3.20491,-3.19250,-0.03317,-0.00394
6.460,-3.20229,-3.16149,-0.03401,0.01405,-3.21717,-3.17265,-0.03286,0.01197,-3.20737,-3.18896,-0.03488,0.00039
6.372,-3.21144,-3.16411,-0.04240,0.01224,-3.22358,-3.17291,-0.03851,0.01250,-3.20821,-3.18384,-0.03495,0.00629
6.284,-3.21973,-3.16583,-0.04991,0.01132,-3.22661,-3.16983,-0.04079,0.01635,-3.20858,-3.17827,-0.03455,0.01264
6.196,-3.22758,-3.16698,-0.05700,0.01099,-3.23014,-3.16694,-0.04356,0.02002,-3.20891,-3.17241,-0.03412,0.01929
6.108,-3.23473,-3.16729,-0.06338,0.01149,-3.23707,-3.16704,-0.04973,0.02071,-3.21627,-3.17307,-0.04071,0.01942
6.021,-3.24003,-3.16579,-0.06790,0.01380,-3.24516,-3.16822,-0.05706,0.02032,-3.22294,-3.17303,-0.04660,0.02024
5.933,-3.24218,-3.16129,-0.06927,0.01912,-3.25141,-3.16760,-0.06255,0.02172,-3.23202,-3.17527,-0.05491,0.01880
5.845,-3.24391,-3.15639,-0.07022,0.02483,-3.25389,-3.16338,-0.06426,0.02673,-3.24016,-3.17656,-0.06227,0.01830
5.757,-3.24886,-3.15456,-0.07439,0.02748,-3.25545,-3.15832,-0.06506,0.03258,-3.24594,-3.17558,-0.06727,0.02007
5.669,-3.25298,-3.15195,-0.07773,0.03091,-3.25890,-3.15516,-0.06775,0.03652,-3.25093,-3.17370,-0.07149,0.02273
5.581,-3.25548,-3.14784,-0.07945,0.03584,-3.26781,-3.15714,-0.07589,0.03533,-3.25517,-3.17108,-0.07494,0.02615
5.493,-3.26126,-3.14678,-0.08444,0.03772,-3.27946,-3.16162,-0.08677,0.03164,-3.26176,-3.17064,-0.08075,0.02738
5.405,-3.27092,-3.14929,-0.09332,0.03603,-3.29002,-3.16502,-0.09656,0.02904,-3.26563,-3.16765,-0.08383,0.03117
5.317,-3.28196,-3.15302,-0.10356,0.03312,-3.29696,-3.16499,-0.10272,0.02985,-3.27111,-3.16615,-0.08853,0.03347
5.229,-3.28969,-3.15373,-0.11050,0.03323,-3.30041,-3.16189,-0.10540,0.03375,-3.27429,-3.16265,-0.09092,0.03777
5.142,-3.29207,-3.14991,-0.11209,0.03789,-3.30296,-3.15860,-0.10717,0.03783,-3.27878,-3.16089,-0.09461,0.04032
5.054,-3.29337,-3.14513,-0.11260,0.04349,-3.30668,-3.15642,-0.11012,0.04082,-3.28399,-3.15983,-0.09903,0.04219
4.966,-3.29824,-3.14360,-0.11666,0.04585,-3.30811,-3.15214,-0.11077,0.04589,-3.29318,-3.16234,-0.10743,0.04047
4.878,-3.30742,-3.14594,-0.12505,0.04434,-3.31257,-3.15059,-0.11445,0.04824,-3.30105,-3.16360,-0.11451,0.04001
4.790,-3.31611,-3.14778,-0.13293,0.04332,-3.31768,-3.14961,-0.11878,0.05002,-3.30453,-3.16090,-0.11719,0.04352
4.702,-3.32398,-3.14950,-0.14000,0.04244,-3.32258,-3.14907,-0.12290,0.05136,-3.30985,-3.16067,-0.12171,0.04455
4.614,-3.33097,-3.15119,-0.14620,0.04158,-3.33204,-3.15338,-0.13157,0.04785,-3.31548,-3.16174,-0.12654,0.04428
4.526,-3.33610,-3.15127,-0.15052,0.04234,-3.33819,-3.15481,-0.13694,0.04722,-3.32016,-3.16202,-0.13042,0.04481
4.438,-3.34073,-3.15105,-0.15434,0.04339,-3.34417,-3.15627,-0.14213,0.04657,-3.32580,-3.16330,-0.13526,0.04434
4.351,-3.34533,-3.15080,-0.15813,0.04448,-3.35109,-3.15854,-0.14826,0.04511,-3.32997,-3.16325,-0.13862,0.04520
4.263,-3.34870,-3.14952,-0.16070,0.04660,-3.35784,-3.16068,-0.15423,0.04377,-3.33131,-3.16075,-0.13915,0.04850
4.175,-3.34992,-3.14847,-0.16110,0.04848,-3.36020,-3.16125,-0.15579,0.04401,-3.33150,-3.15962,-0.13853,0.05044
4.087,-3.34705,-3.14460,-0.15742,0.05319,-3.35833,-3.15892,-0.15313,0.04715,-3.32919,-3.15717,-0.13541,0.05371
3.999,-3.34623,-3.14252,-0.15578,0.05612,-3.35093,-3.15171,-0.14494,0.05517,-3.32690,-3.15474,-0.13231,0.05695
3.911,-3.35165,-3.14586,-0.16038,0.05362,-3.34576,-3.14649,-0.13897,0.06120,-3.32746,-3.15480,-0.13206,0.05771
3.823,-3.35960,-3.15140,-0.16751,0.04892,-3.34498,-3.14514,-0.13740,0.06337,-3.33000,-3.15659,-0.13378,0.05673
3.735,-3.36796,-3.15613,-0.17506,0.04505,-3.34733,-3.14704,-0.13895,0.06228,-3.32794,-3.15483,-0.13090,0.05931
3.647,-3.37202,-3.16176,-0.17829,0.04026,-3.34867,-3.15115,-0.13948,0.05899,-3.32836,-3.15813,-0.13050,0.05682
3.560,-3.36827,-3.16326,-0.17372,0.03960,-3.34816,-3.15391,-0.13817,0.05704,-3.32923,-3.16208,-0.13055,0.05368
3.472,-3.35903,-3.15801,-0.16365,0.04571,-3.34541,-3.15474,-0.13462,0.05703,-3.33086,-3.16599,-0.13136,0.05060
3.384,-3.35124,-3.15398,-0.15503,0.05059,-3.34465,-3.15734,-0.13306,0.05525,-3.32991,-3.16744,-0.12958,0.04997
3.296,-3.34357,-3.15001,-0.14654,0.05540,-3.34166,-3.15796,-0.12926,0.05545,-3.32461,-3.16503,-0.12345,0.05320
3.208,-3.33617,-3.14746,-0.13830,0.05881,-3.33902,-3.16002,-0.12581,0.05421,-3.31633,-3.16100,-0.11435,0.05805
3.120,-3.32698,-3.14529,-0.12827,0.06183,-3.33419,-3.16205,-0.12018,0.05300,-3.30624,-3.15702,-0.10343,0.06285
3.032,-3.31827,-3.14352,-0.11873,0.06445,-3.32384,-3.15910,-0.10902,0.05678,-3.29439,-3.15140,-0.09074,0.06930
2.944,-3.30712,-3.13952,-0.10674,0.06931,-3.31309,-3.15575,-0.09745,0.06095,-3.28246,-3.14564,-0.07798,0.07589
2.856,-3.29035,-3.13040,-0.08914,0.07929,-3.30052,-3.15071,-0.08407,0.06682,-3.27205,-3.14118,-0.06673,0.08117
2.769,-3.27269,-3.12039,-0.07063,0.09016,-3.28480,-3.14271,-0.06753,0.07565,-3.26650,-3.14107,-0.06034,0.08210
2.681,-3.25959,-3.11537,-0.05669,0.09604,-3.27063,-3.13700,-0.05255,0.08218,-3.26093,-3.14190,-0.05393,0.08211
2.593,-3.25292,-3.11658,-0.04918,0.09569,-3.25969,-3.13463,-0.04079,0.08538,-3.25341,-3.14135,-0.04557,0.08348
2.505,-3.24795,-3.11911,-0.04336,0.09403,-3.25116,-3.13424,-0.03144,0.08661,-3.24570,-3.14061,-0.03702,0.08506
2.417,-3.24300,-3.12115,-0.03756,0.09285,-3.24257,-3.13330,-0.02204,0.08838,-3.23811,-3.13998,-0.02859,0.08652
2.329,-3.23562,-3.12093,-0.02933,0.09394,-3.23813,-3.13618,-0.01677,0.08633,-3.23035,-3.13914,-0.01999,0.08819
2.241,-3.22766,-3.12015,-0.02052,0.09558,-3.23437,-3.13969,-0.01219,0.08366,-3.22238,-3.13805,-0.01117,0.09012
2.153,-3.22033,-3.12009,-0.01234,0.09651,-3.22982,-3.14229,-0.00681,0.08189,-3.21409,-3.13651,-0.00203,0.09249
2.065,-3.21327,-3.12025,-0.00443,0.09722,-3.22491,-3.14453,-0.00108,0.08048,-3.20740,-3.13641,0.00552,0.09342
1.978,-3.20663,-3.12076,0.00307,0.09757,-3.21732,-3.14416,0.00734,0.08169,-3.20417,-3.13956,0.00960,0.09111
1.890,-3.20120,-3.12239,0.00935,0.09681,-3.21139,-3.14533,0.01410,0.08136,-3.19954,-3.14136,0.01508,0.09015
1.802,-3.19821,-3.12632,0.01321,0.09376,-3.20429,-3.14533,0.02203,0.08221,-3.19429,-3.14253,0.02119,0.08982
1.714,-3.19494,-3.12982,0.01734,0.09114,-3.19758,-3.14545,0.02958,0.08292,-3.18886,-3.14332,0.02748,0.08987
1.626,-3.18960,-3.13100,0.02355,0.09083,-3.18413,-3.13853,0.04386,0.09069,-3.18055,-3.14087,0.03665,0.09316
1.538,-3.18160,-3.12958,0.03241,0.09313,-3.17260,-3.13338,0.05623,0.09669,-3.17198,-3.13811,0.04608,0.09676
1.450,-3.17051,-3.12535,0.04437,0.09823,-3.16173,-3.12910,0.06794,0.10181,-3.16476,-3.13692,0.05416,0.09880
1.362,-3.15789,-3.11968,0.05785,0.10478,-3.15320,-3.12722,0.07729,0.10453,-3.15875,-3.13698,0.06104,0.09958
1.274,-3.14414,-3.11287,0.07248,0.11247,-3.14665,-3.12728,0.08469,0.10532,-3.15275,-3.13702,0.06791,0.10039
1.187,-3.13294,-3.10778,0.08454,0.11845,-3.14141,-3.12785,0.09077,0.10560,-3.14536,-3.13509,0.07617,0.10316
1.099,-3.12543,-3.10584,0.09293,0.12127,-3.13722,-3.12895,0.09580,0.10535,-3.13893,-3.13368,0.08347,0.10541
1.011,-3.12090,-3.10673,0.09834,0.12126,-3.13443,-3.13135,0.09944,0.10380,-3.13298,-3.13256,0.09030,0.10739
0.923,-3.11788,-3.10898,0.10223,0.11990,-3.13041,-3.13230,0.10430,0.10370,-3.12430,-3.12851,0.09985,0.11228
0.835,-3.11523,-3.11136,0.10576,0.11840,-3.12509,-3.13179,0.11047,0.10507,-3.11587,-3.12446,0.10915,0.11719
0.747,-3.11131,-3.11195,0.11056,0.11870,-3.12078,-3.13182,0.11562,0.10589,-3.10851,-3.12107,0.11739,0.12143
0.659,-3.10709,-3.11061,0.11566,0.12093,-3.11600,-3.12969,0.12126,0.10888,-3.10335,-3.11817,0.12343,0.12518
0.571,-3.10359,-3.10972,0.12005,0.12270,-3.11147,-3.12748,0.12663,0.11194,-3.10191,-3.11862,0.12575,0.12558
0.483,-3.10210,-3.11082,0.12243,0.12249,-3.10939,-3.12759,0.12957,0.11269,-3.10283,-3.12138,0.12572,0.12368
0.396,-3.10296,-3.11423,0.12246,0.11998,-3.10564,-3.12599,0.13418,0.11515,-3.10188,-3.12222,0.12755,0.12370
0.308,-3.10359,-3.11716,0.12272,0.11795,-3.10421,-3.12654,0.13646,0.11546,-3.09957,-3.12149,0.13075,0.12529
0.220,-3.10256,-3.11779,0.12464,0.11821,-3.10208,-3.12578,0.13945,0.11708,-3.09671,-3.11962,0.13449,0.12801
0.132,-3.09985,-3.11570,0.12824,0.12119,-3.09859,-3.12250,0.14380,0.12123,-3.09600,-3.11877,0.13609,0.12973
0.044,-3.09727,-3.11363,0.13172,0.12416,-3.09663,-3.12069,0.14662,0.12390,-3.09801,-3.12064,0.13497,0.12871
-0.044,-3.09596,-3.11281,0.13392,0.12588,-3.09724,-3.12147,0.14687,0.12399,-3.10029,-3.12280,0.13359,0.12742
-0.132,-3.09629,-3.11362,0.13450,0.12597,-3.10012,-3.12453,0.14485,0.12179,-3.10131,-3.12368,0.13346,0.12739
-0.220,-3.09614,-3.11394,0.13555,0.12655,-3.10323,-3.12780,0.14261,0.11939,-3.10181,-3.12405,0.13387,0.12789
-0.308,-3.09815,-3.11588,0.13444,0.12551,-3.10690,-3.13103,0.13981,0.11702,-3.10298,-3.12477,0.13359,0.12803
-0.396,-3.10300,-3.12042,0.13050,0.12188,-3.10889,-3.13232,0.13868,0.11661,-3.10859,-3.12985,0.12888,0.12382
-0.483,-3.10958,-3.12678,0.12482,0.11642,-3.11104,-3.13385,0.13740,0.11594,-3.11209,-3.13290,0.12629,0.12164
-0.571,-3.11469,-3.13159,0.12062,0.11251,-3.11291,-3.13504,0.13640,0.11563,-3.11349,-3.13374,0.12579,0.12167
-0.659,-3.11778,-3.13436,0.11843,0.11065,-3.11378,-3.13522,0.13640,0.11633,-3.11336,-3.13303,0.12682,0.12324
-0.747,-3.11531,-3.13154,0.12182,0.11438,-3.11605,-3.13681,0.13500,0.11561,-3.11289,-3.13201,0.12820,0.12513
-0.835,-3.11070,-3.12638,0.12734,0.12044,-3.11937,-3.13916,0.13256,0.11414,-3.11387,-3.13239,0.12813,0.12563
-0.923,-3.10758,-3.12278,0.13137,0.12495,-3.12011,-3.13896,0.13270,0.11521,-3.11486,-3.13285,0.12805,0.12604
-1.011,-3.10796,-3.12277,0.13191,0.12588,-3.12269,-3.14069,0.13100,0.11436,-3.11556,-3.13311,0.12827,0.12665
-1.099,-3.10956,-3.12405,0.13123,0.12551,-3.12294,-3.14013,0.13162,0.11579,-3.11576,-3.13298,0.12898,0.12766
-1.187,-3.10751,-3.12173,0.13420,0.12875,-3.12131,-3.13774,0.13413,0.11906,-3.11906,-3.13604,0.12659,0.12546
-1.274,-3.10610,-3.12015,0.13653,0.13124,-3.11995,-3.13575,0.13637,0.12194,-3.12099,-3.13777,0.12559,0.12461
-1.362,-3.10914,-3.12317,0.13441,0.12913,-3.11838,-3.13370,0.13883,0.12487,-3.12328,-3.13990,0.12422,0.12336
-1.450,-3.11863,-3.13274,0.12585,0.12049,-3.11715,-3.13204,0.14094,0.12741,-3.12632,-3.14281,0.12210,0.12133
-1.538,-3.12456,-3.13868,0.12084,0.11547,-3.11619,-3.13061,0.14279,0.12973,-3.12807,-3.14437,0.12127,0.12065
-1.626,-3.12355,-3.13747,0.12278,0.11760,-3.11804,-3.13185,0.14183,0.12937,-3.12750,-3.14339,0.12277,0.12251
-1.714,-3.12014,-3.13383,0.12713,0.12216,-3.12039,-3.13361,0.14037,0.12851,-3.12851,-3.14400,0.12269,0.12278
-1.802,-3.11800,-3.13135,0.13020,0.12556,-3.12391,-3.13650,0.13774,0.12650,-3.13020,-3.14504,0.12192,0.12262
-1.890,-3.11866,-3.13165,0.13048,0.12619,-3.12960,-3.14158,0.13294,0.12232,-3.13174,-3.14582,0.12131,0.12273
-1.978,-3.11957,-3.13220,0.13050,0.12655,-3.13337,-3.14472,0.13007,0.12007,-3.13390,-3.14721,0.12008,0.12222
-2.065,-3.12397,-3.13628,0.12704,0.12341,-3.13617,-3.14689,0.12816,0.11879,-3.13286,-3.14538,0.12206,0.12494
-2.153,-3.13123,-3.14325,0.12072,0.11737,-3.14030,-3.15040,0.12494,0.11617,-3.13086,-3.14257,0.12500,0.12864
-2.241,-3.13176,-3.14339,0.12113,0.11815,-3.14441,-3.15387,0.12172,0.11359,-3.13190,-3.14282,0.12489,0.12927
-2.329,-3.12745,-3.13820,0.12638,0.12427,-3.14710,-3.15555,0.11993,0.11281,-3.13647,-3.14638,0.12126,0.12660
-2.417,-3.12774,-3.13762,0.12704,0.12579,-3.14703,-3.15443,0.12090,0.11483,-3.14151,-3.15041,0.11716,0.12347
-2.505,-3.13334,-3.14240,0.12239,0.12194,-3.14689,-3.15323,0.12194,0.11693,-3.14593,-3.15380,0.11368,0.12097
-2.593,-3.13688,-3.14511,0.11979,0.12016,-3.14915,-3.15452,0.12059,0.11654,-3.14894,-3.15583,0.11161,0.11983
-2.681,-3.13599,-3.14336,0.12163,0.12284,-3.15454,-3.15899,0.11610,0.11296,-3.15150,-3.15743,0.11001,0.11912
-2.769,-3.13705,-3.14351,0.12153,0.12363,-3.15945,-3.16295,0.11210,0.10990,-3.15245,-3.15746,0.11001,0.11999
-2.856,-3.14135,-3.14679,0.11818,0.12129,-3.15976,-3.16225,0.11270,0.11151,-3.15787,-3.16213,0.10553,0.11621
-2.944,-3.14374,-3.14814,0.11675,0.12088,-3.15724,-3.15868,0.11613,0.11598,-3.16066,-3.16413,0.10370,0.11511
-3.032,-3.14422,-3.14756,0.11722,0.12240,-3.15188,-3.15226,0.12240,0.12331,-3.16032,-3.16298,0.10499,0.11715
-3.120,-3.14776,-3.15006,0.11464,0.12084,-3.15215,-3.15151,0.12304,0.12496,-3.16375,-3.16564,0.10252,0.11540
-3.208,-3.15167,-3.15293,0.11169,0.11891,-3.15383,-3.15219,0.12228,0.12520,-3.16465,-3.16574,0.10257,0.11620
-3.296,-3.15488,-3.15539,0.10945,0.11740,-3.15829,-3.15580,0.11874,0.12249,-3.16340,-3.16377,0.10477,0.11907
-3.384,-3.15757,-3.15752,0.10771,0.11621,-3.16301,-3.15977,0.11493,0.11943,-3.16330,-3.16302,0.10583,0.12072
-3.472,-3.16074,-3.16012,0.10551,0.11456,-3.16555,-3.16154,0.11331,0.11858,-3.16484,-3.16393,0.10526,0.12071
-3.560,-3.16140,-3.16026,0.10582,0.11537,-3.16640,-3.16169,0.11339,0.11934,-3.17181,-3.17041,0.09925,0.11513
-3.647,-3.16399,-3.16258,0.10420,0.11400,-3.16998,-3.16491,0.11072,0.11703,-3.18068,-3.17915,0.09135,0.10730
-3.735,-3.16741,-3.16573,0.10175,0.11179,-3.17699,-3.17158,0.10464,0.11127,-3.18569,-3.18399,0.08731,0.10337
-3.823,-3.17230,-3.17054,0.09783,0.10794,-3.18305,-3.17750,0.09950,0.10627,-3.18681,-3.18468,0.08716,0.10359
-3.911,-3.17823,-3.17641,0.09288,0.10302,-3.18692,-3.18124,0.09656,0.10345,-3.18966,-3.18708,0.08528,0.10209
-3.999,-3.18184,-3.17994,0.09025,0.10044,-3.18675,-3.18091,0.09765,0.10470,-3.19764,-3.19465,0.07827,0.09543
-4.087,-3.18358,-3.18160,0.08949,0.09974,-3.18642,-3.18042,0.09891,0.10610,-3.20272,-3.19930,0.07416,0.09169
-4.175,-3.18171,-3.17961,0.09234,0.10268,-3.18801,-3.18187,0.09826,0.10558,-3.20293,-3.19903,0.07493,0.09288
-4.263,-3.18083,-3.17858,0.09420,0.10467,-3.19216,-3.18595,0.09504,0.10242,-3.19764,-3.19319,0.08120,0.09963
-4.351,-3.18332,-3.18078,0.09269,0.10343,-3.19802,-3.19193,0.09011,0.09736,-3.19346,-3.18843,0.08636,0.10530
-4.438,-3.18805,-3.18524,0.08894,0.09992,-3.20313,-3.19715,0.08594,0.09306,-3.19350,-3.18794,0.08729,0.10670
-4.526,-3.19293,-3.18985,0.08506,0.09628,-3.20921,-3.20336,0.08080,0.08778,-3.19725,-3.19119,0.08453,0.10436
-4.614,-3.19797,-3.19486,0.08101,0.09223,-3.21192,-3.20644,0.07902,0.08563,-3.20211,-3.19585,0.08066,0.10063
-4.702,-3.20360,-3.20058,0.07636,0.08747,-3.21340,-3.20840,0.07848,0.08460,-3.20427,-3.19792,0.07949,0.09947
-4.790,-3.20510,-3.20218,0.07586,0.08684,-3.21530,-3.21073,0.07752,0.08320,-3.20695,-3.20064,0.07780,0.09767
-4.878,-3.20392,-3.20111,0.07803,0.08887,-3.21436,-3.21014,0.07940,0.08471,-3.21105,-3.20490,0.07468,0.09433
-4.966,-3.20501,-3.20233,0.07794,0.08863,-3.21645,-3.21261,0.07826,0.08317,-3.21652,-3.21054,0.07020,0.08962
-5.054,-3.21100,-3.20849,0.07295,0.08343,-3.21984,-3.21641,0.07582,0.08031,-3.21978,-3.21393,0.06793,0.08715
-5.142,-3.21930,-3.21698,0.06564,0.07591,-3.22206,-3.21904,0.07454,0.07861,-3.22138,-3.21565,0.06734,0.08635
-5.229,-3.22491,-3.22275,0.06104,0.07111,-3.22593,-3.22334,0.07161,0.07524,-3.22301,-3.21742,0.06670,0.08550
-5.317,-3.22945,-3.22776,0.05750,0.06708,-3.22960,-3.22738,0.06890,0.07214,-3.22488,-3.21957,0.06583,0.08428
-5.405,-3.23143,-3.23021,0.05653,0.06559,-3.22938,-3.22747,0.07008,0.07299,-3.22656,-3.22155,0.06516,0.08323
-5.493,-3.22843,-3.22765,0.06053,0.06913,-3.22753,-3.22592,0.07288,0.07548,-3.22824,-3.22353,0.06448,0.08217
-5.581,-3.22147,-3.22115,0.06850,0.07661,-3.22597,-3.22473,0.07539,0.07761,-3.22733,-3.22297,0.06639,0.08366
-5.669,-3.21873,-3.21923,0.07225,0.07951,-3.22782,-3.22732,0.07449,0.07596,-3.22719,-3.22348,0.06754,0.08408
-5.757,-3.21983,-3.22118,0.07216,0.07853,-3.23163,-3.23186,0.07164,0.07236,-3.22914,-3.22614,0.06659,0.08235
-5.845,-3.22262,-3.22484,0.07039,0.07585,-3.23545,-3.23636,0.06878,0.06880,-3.23244,-3.23030,0.06430,0.07912
-5.933,-3.22478,-3.22786,0.06924,0.07381,-3.23890,-3.24049,0.06628,0.06562,-3.23505,-3.23376,0.06270,0.07659
-6.021,-3.22832,-3.23229,0.06672,0.07037,-3.23970,-3.24193,0.06645,0.06512,-3.23794,-3.23748,0.06082,0.07381
-6.108,-3.23154,-3.23639,0.06452,0.06725,-3.24148,-3.24436,0.06564,0.06363,-3.24127,-3.24165,0.05851,0.07057
-6.196,-3.23116,-3.23684,0.06592,0.06778,-3.24257,-3.24611,0.06551,0.06284,-3.24331,-3.24452,0.05749,0.06864
-6.284,-3.22867,-3.23507,0.06944,0.07054,-3.22169,-3.22606,0.08735,0.08384,-3.22586,-3.22745,0.07595,0.08665
-6.372,-3.22750,-3.23454,0.07163,0.07205,-3.18957,-3.19388,0.12044,0.11697,-3.19574,-3.19770,0.10709,0.11734
-6.460,-3.22663,-3.23155,0.07352,0.07604,-3.24102,-3.24584,0.06996,0.06596,-3.24242,-3.24650,0.06144,0.06948
-6.548,-3.16843,-3.17328,0.13275,0.13529,-3.24071,-3.24649,0.07124,0.06626,-3.24094,-3.24598,0.06394,0.07093
-6.636,-3.22806,-3.23378,0.07415,0.07579,-3.24072,-3.24676,0.07220,0.06694,-3.24042,-3.24614,0.06548,0.07171
-6.724,-3.23042,-3.23948,0.07283,0.07108,-3.23873,-3.24483,0.07517,0.06983,-3.24220,-3.24846,0.06474,0.07034
-6.812,-3.23085,-3.24037,0.07342,0.07118,-3.23901,-3.24529,0.07586,0.07033,-3.24635,-3.25314,0.06161,0.06661
-6.899,-3.23188,-3.24190,0.07343,0.07065,-3.23924,-3.24572,0.07660,0.07085,-3.24929,-3.25657,0.05971,0.06412
-6.987,-3.23197,-3.24249,0.07438,0.07105,-3.24306,-3.24979,0.07377,0.06774,-3.24997,-3.25772,0.06005,0.06392
-7.075,-3.23151,-3.24251,0.07588,0.07202,-3.24364,-3.25059,0.07416,0.06790,-3.24775,-3.25591,0.06331,0.06667
-7.163,-3.23109,-3.24258,0.07734,0.07295,-3.24199,-3.24913,0.07680,0.07032,-3.24534,-3.25391,0.06676,0.06962
-7.251,-3.23352,-3.24555,0.07595,0.07098,-3.24079,-3.24811,0.07898,0.07231,-3.24261,-3.25157,0.07052,0.07291
-7.339,-3.23511,-3.24774,0.07540,0.06980,-3.23862,-3.24598,0.08213,0.07539,-3.24309,-3.25234,0.07108,0.07308
-7.427,-3.23438,-3.24756,0.07718,0.07098,-3.23862,-3.24605,0.08311,0.07629,-3.24359,-3.25314,0.07162,0.07324
-7.515,-3.23425,-3.24798,0.07836,0.07155,-3.23925,-3.24676,0.08347,0.07655,-3.24499,-3.25486,0.07126,0.07247
-7.603,-3.23776,-3.25213,0.07589,0.06841,-3.24155,-3.24914,0.08216,0.07513,-3.24475,-3.25492,0.07255,0.07337
-7.690,-3.24209,-3.25710,0.07261,0.06445,-3.24455,-3.25223,0.08015,0.07301,-3.24612,-3.25660,0.07223,0.07264
-7.778,-3.24484,-3.26037,0.07091,0.06218,-3.24803,-3.25579,0.07766,0.07042,-3.24804,-3.25873,0.07135,0.07146
-7.866,-3.24797,-3.26389,0.06885,0.05967,-3.25045,-3.25826,0.07624,0.06892,-3.24912,-3.25984,0.07133,0.07131
-7.954,-3.24789,-3.26415,0.06998,0.06042,-3.25189,-3.25976,0.07578,0.06839,-3.24947,-3.26022,0.07202,0.07189
-8.042,-3.24836,-3.26496,0.07056,0.06061,-3.25420,-3.26214,0.07447,0.06698,-3.24863,-3.25937,0.07392,0.07369
-8.130,-3.24764,-3.26456,0.07235,0.06203,-3.25502,-3.26300,0.07465,0.06710,-3.24880,-3.25958,0.07480,0.07444
-8.218,-3.24721,-3.26447,0.07384,0.06314,-3.25587,-3.26389,0.07480,0.06718,-3.24698,-3.25777,0.07768,0.07722
-8.306,-3.24689,-3.26418,0.07523,0.06444,-3.25499,-3.26313,0.07667,0.06892,-3.25034,-3.26099,0.07538,0.07496
-8.394,-3.24616,-3.26337,0.07701,0.06626,-3.25409,-3.26237,0.07858,0.07066,-3.25475,-3.26521,0.07203,0.07170
-8.481,-3.24740,-3.26456,0.07684,0.06609,-3.25347,-3.26190,0.08020,0.07211,-3.26467,-3.27502,0.06318,0.06286
-8.569,-3.24981,-3.26695,0.07550,0.06472,-3.25399,-3.26256,0.08069,0.07242,-3.27005,-3.28020,0.05886,0.05863
-8.657,-3.25257,-3.26969,0.07382,0.06300,-3.25826,-3.26705,0.07742,0.06892,-3.27005,-3.27994,0.05992,0.05987
-8.745,-3.25525,-3.27232,0.07221,0.06138,-3.26121,-3.27018,0.07548,0.06677,-3.26669,-3.27627,0.06435,0.06450
-8.833,-3.25785,-3.27452,0.07068,0.06020,-3.26476,-3.27367,0.07293,0.06426,-3.26434,-3.27374,0.06777,0.06800
-8.921,-3.25861,-3.27484,0.07100,0.06091,-3.26500,-3.27379,0.07371,0.06513,-3.26051,-3.26972,0.07267,0.07299
-9.009,-3.25907,-3.27486,0.07161,0.06192,-3.26640,-3.27509,0.07332,0.06481,-3.25713,-3.26616,0.07712,0.07752
-9.097,-3.25810,-3.27341,0.07366,0.06439,-3.26732,-3.27591,0.07341,0.06498,-3.26093,-3.26988,0.07439,0.07477
-9.185,-3.25548,-3.27029,0.07737,0.06854,-3.26941,-3.27790,0.07234,0.06397,-3.26701,-3.27590,0.06939,0.06972
-9.272,-3.25476,-3.26915,0.07917,0.07070,-3.27184,-3.28022,0.07092,0.06265,-3.27600,-3.28493,0.06148,0.06167
-9.360,-3.25870,-3.27286,0.07631,0.06802,-3.27401,-3.28223,0.06976,0.06162,-3.28166,-3.29066,0.05690,0.05691
-9.448,-3.26355,-3.27749,0.07255,0.06442,-3.27500,-3.28306,0.06980,0.06179,-3.28232,-3.29133,0.05733,0.05722
-9.536,-3.26465,-3.27831,0.07253,0.06463,-3.27575,-3.28364,0.07007,0.06220,-3.27990,-3.28889,0.06082,0.06063
-9.624,-3.26389,-3.27724,0.07439,0.06673,-3.27622,-3.28393,0.07062,0.06290,-3.27848,-3.28746,0.06333,0.06304
-9.712,-3.26529,-3.27836,0.07408,0.06665,-3.27720,-3.28473,0.07067,0.06310,-3.27580,-3.28475,0.06710,0.06673
-9.800,-3.26593,-3.27890,0.07453,0.06715,-3.27888,-3.28633,0.07001,0.06249,-3.27628,-3.28495,0.06771,0.06751
-9.888,-3.26889,-3.28187,0.07266,0.06521,-3.28034,-3.28775,0.06958,0.06208,-3.27742,-3.28567,0.06765,0.06777
-9.976,-3.27379,-3.28682,0.06886,0.06130,-3.28217,-3.28953,0.06877,0.06129,-3.27806,-3.28587,0.06811,0.06855
-10.063,-3.27839,-3.29145,0.06537,0.05770,-3.28300,-3.29030,0.06897,0.06152,-3.27775,-3.28512,0.06951,0.07029
-10.151,-3.27922,-3.29226,0.06564,0.05794,-3.28479,-3.29205,0.06821,0.06077,-3.28020,-3.28716,0.06816,0.06923
-10.239,-3.27499,-3.28792,0.07097,0.06331,-3.28689,-3.29413,0.06714,0.05969,-3.28275,-3.28929,0.06671,0.06808
-10.327,-3.27300,-3.28573,0.07406,0.06654,-3.28784,-3.29480,0.06723,0.06003,-3.28642,-3.29240,0.06414,0.06595
-10.415,-3.27592,-3.28851,0.07225,0.06481,-3.29003,-3.29670,0.06608,0.05913,-3.29100,-3.29643,0.06066,0.06291
-10.503,-3.28302,-3.29554,0.06626,0.05882,-3.28997,-3.29633,0.06717,0.06050,-3.29662,-3.30150,0.05614,0.05883
-10.591,-3.29039,-3.30285,0.06000,0.05256,-3.28896,-3.29501,0.06922,0.06283,-3.30090,-3.30521,0.05297,0.05611
-10.679,-3.29147,-3.30376,0.06002,0.05269,-3.29003,-3.29579,0.06919,0.06306,-3.30426,-3.30800,0.05071,0.05431
-10.767,-3.29015,-3.30220,0.06246,0.05531,-3.29331,-3.29877,0.06695,0.06109,-3.30649,-3.30978,0.04958,0.05353
-10.854,-3.28891,-3.30064,0.06481,0.05791,-3.29629,-3.30138,0.06501,0.05949,-3.30916,-3.31231,0.04803,0.05198
-10.942,-3.29030,-3.30175,0.06454,0.05785,-3.29702,-3.30171,0.06532,0.06017,-3.31264,-3.31568,0.04565,0.04960
-11.030,-3.29303,-3.30423,0.06293,0.05643,-3.29899,-3.30329,0.06440,0.05960,-3.31585,-3.31878,0.04356,0.04751
-11.118,-3.29479,-3.30572,0.06229,0.05599,-3.30259,-3.30654,0.06185,0.05737,-3.31669,-3.31947,0.04384,0.04780
-11.206,-3.29544,-3.30609,0.06276,0.05667,-3.30569,-3.30927,0.05980,0.05565,-3.31501,-3.31764,0.04663,0.05064
-11.294,-3.29700,-3.30738,0.06232,0.05644,-3.30839,-3.31159,0.05814,0.05435,-3.31393,-3.31643,0.04883,0.05285
-11.382,-3.29814,-3.30824,0.06231,0.05664,-3.31261,-3.31543,0.05498,0.05153,-3.31300,-3.31537,0.05088,0.05490
-11.470,-3.30140,-3.31125,0.06017,0.05468,-3.31621,-3.31864,0.05243,0.04934,-3.31331,-3.31558,0.05169,0.05569
-11.558,-3.30299,-3.31258,0.05971,0.05442,-3.31535,-3.31735,0.05434,0.05164,-3.31415,-3.31632,0.05197,0.05596
-11.646,-3.30477,-3.31408,0.05907,0.05398,-3.31442,-3.31600,0.05633,0.05402,-3.31701,-3.31908,0.05024,0.05420
-11.733,-3.30792,-3.31698,0.05704,0.05213,-3.31398,-3.31514,0.05782,0.05590,-3.31896,-3.32092,0.04942,0.05335
-11.821,-3.31014,-3.31893,0.05596,0.05125,-3.31568,-3.31654,0.05718,0.05553,-3.32149,-3.32331,0.04802,0.05197
-11.909,-3.31315,-3.32166,0.05409,0.04959,-3.31628,-3.31683,0.05764,0.05626,-3.32187,-3.32353,0.04877,0.05276
-11.997,-3.31659,-3.32484,0.05178,0.04748,-3.31677,-3.31702,0.05822,0.05710,-3.32239,-3.32389,0.04938,0.05340
-12.085,-3.31944,-3.32741,0.05007,0.04597,-3.31933,-3.31929,0.05672,0.05585,-3.32147,-3.32280,0.05143,0.05550
-12.173,-3.32269,-3.33040,0.04796,0.04405,-3.32217,-3.32183,0.05495,0.05434,-3.32195,-3.32312,0.05209,0.05619
-12.261,-3.32364,-3.33104,0.04816,0.04448,-3.32514,-3.32454,0.05304,0.05266,-3.32511,-3.32617,0.05006,0.05415
-12.349,-3.32354,-3.33061,0.04940,0.04598,-3.32640,-3.32563,0.05285,0.05260,-3.32700,-3.32802,0.04931,0.05331
-12.437,-3.32493,-3.33168,0.04915,0.04597,-3.32830,-3.32738,0.05201,0.05188,-3.33272,-3.33372,0.04474,0.04862
-12.524,-3.32651,-3.33295,0.04872,0.04578,-3.33269,-3.33163,0.04869,0.04867,-3.33387,-3.33483,0.04473,0.04852
-12.612,-3.32994,-3.33608,0.04645,0.04373,-3.33782,-3.33661,0.04464,0.04472,-3.33268,-3.33358,0.04707,0.05079
-12.700,-3.33366,-3.33950,0.04388,0.04138,-3.33990,-3.33853,0.04363,0.04383,-3.33379,-3.33465,0.04710,0.05073
-12.788,-3.33650,-3.34200,0.04219,0.03996,-3.34024,-3.33861,0.04437,0.04479,-3.33728,-3.33798,0.04476,0.04842
-12.876,-3.33611,-3.34118,0.04373,0.04185,-3.33997,-3.33800,0.04571,0.04644,-3.33837,-3.33877,0.04482,0.04864
-12.964,-3.33614,-3.34079,0.04486,0.04332,-3.34061,-3.33830,0.04615,0.04718,-3.33655,-3.33664,0.04779,0.05179
-13.052,-3.33883,-3.34309,0.04333,0.04210,-3.34145,-3.33880,0.04639,0.04771,-3.33478,-3.33456,0.05072,0.05489
-13.140,-3.33869,-3.34254,0.04463,0.04374,-3.34333,-3.34034,0.04559,0.04721,-3.33705,-3.33655,0.04960,0.05393
-13.228,-3.33783,-3.34125,0.04666,0.04611,-3.34570,-3.34238,0.04430,0.04622,-3.34501,-3.34425,0.04280,0.04724
-13.315,-3.33864,-3.34148,0.04701,0.04696,-3.34958,-3.34591,0.04150,0.04374,-3.35236,-3.35113,0.03661,0.04139
-13.403,-3.34459,-3.34685,0.04223,0.04268,-3.35323,-3.34921,0.03893,0.04148,-3.35692,-3.35515,0.03321,0.03839
-13.491,-3.35065,-3.35232,0.03734,0.03829,-3.35624,-3.35186,0.03701,0.03987,-3.35845,-3.35613,0.03284,0.03843
-13.579,-3.35382,-3.35490,0.03533,0.03681,-3.35754,-3.35279,0.03680,0.03999,-3.36008,-3.35721,0.03238,0.03839
-13.667,-3.35373,-3.35418,0.03660,0.03861,-3.35696,-3.35185,0.03847,0.04198,-3.36370,-3.36029,0.02992,0.03633
-13.755,-3.35542,-3.35517,0.03607,0.03871,-3.35874,-3.35324,0.03778,0.04164,-3.36544,-3.36147,0.02934,0.03617
-13.843,-3.35876,-3.35733,0.03391,0.03764,-3.36360,-3.35763,0.03402,0.03829,-3.36676,-3.36220,0.02919,0.03647
-13.931,-3.36062,-3.35800,0.03323,0.03807,-3.36746,-3.36102,0.03125,0.03596,-3.36932,-3.36417,0.02780,0.03553
-14.019,-3.36108,-3.35727,0.03395,0.03988,-3.37142,-3.36451,0.02839,0.03353,-3.37357,-3.36783,0.02473,0.03290
-14.106,-3.36205,-3.35706,0.03416,0.04119,-3.37452,-3.36714,0.02638,0.03195,-3.37468,-3.36835,0.02480,0.03342
-14.194,-3.36451,-3.35834,0.03288,0.04101,-3.37622,-3.36837,0.02578,0.03177,-3.37219,-3.36527,0.02846,0.03753
-14.282,-3.36578,-3.35900,0.03279,0.04144,-3.37781,-3.36975,0.02529,0.03145,-3.37110,-3.36390,0.03073,0.03993
-14.370,-3.36731,-3.36060,0.03244,0.04095,-3.37779,-3.36980,0.02641,0.03246,-3.37006,-3.36294,0.03295,0.04193
-14.458,-3.37047,-3.36381,0.03047,0.03883,-3.38016,-3.37224,0.02514,0.03108,-3.37235,-3.36530,0.03184,0.04061
-14.546,-3.37517,-3.36858,0.02696,0.03517,-3.38069,-3.37284,0.02571,0.03153,-3.37368,-3.36670,0.03169,0.04025
-14.634,-3.38066,-3.37413,0.02266,0.03072,-3.38387,-3.37609,0.02365,0.02935,-3.37731,-3.37040,0.02924,0.03758
-14.722,-3.38487,-3.37839,0.01965,0.02756,-3.38717,-3.37947,0.02145,0.02703,-3.38110,-3.37425,0.02665,0.03477
-14.810,-3.38559,-3.37918,0.02012,0.02788,-3.38901,-3.38138,0.02072,0.02619,-3.38375,-3.37697,0.02518,0.03309
-14.897,-3.38318,-3.37682,0.02373,0.03134,-3.39012,-3.38256,0.02072,0.02606,-3.38501,-3.37830,0.02512,0.03280
-14.985,-3.38385,-3.37756,0.02425,0.03172,-3.39230,-3.38482,0.01965,0.02488,-3.38784,-3.38120,0.02347,0.03094
-15.073,-3.38747,-3.38124,0.02183,0.02914,-3.39373,-3.38632,0.01933,0.02444,-3.38958,-3.38301,0.02293,0.03018
-15.161,-3.39345,-3.38728,0.01706,0.02421,-3.39636,-3.38902,0.01782,0.02280,-3.39222,-3.38572,0.02148,0.02851
-15.249,-3.40215,-3.39604,0.00956,0.01656,-3.39704,-3.38978,0.01825,0.02312,-3.39751,-3.39108,0.01740,0.02420
-15.337,-3.40689,-3.40084,0.00603,0.01287,-3.39736,-3.39017,0.01905,0.02380,-3.40188,-3.39552,0.01422,0.02081
-15.425,-3.40332,-3.39733,0.01080,0.01749,-3.39921,-3.39209,0.01832,0.02295,-3.40529,-3.39900,0.01201,0.01838
-15.513,-3.40271,-3.39679,0.01262,0.01915,-3.40173,-3.39469,0.01692,0.02143,-3.40919,-3.40297,0.00932,0.01546
-15.601,-3.41095,-3.40508,0.00559,0.01197,-3.40399,-3.39702,0.01578,0.02016,-3.41180,-3.40564,0.00791,0.01383
-15.688,-3.41769,-3.41189,0.00006,0.00628,-3.40726,-3.40036,0.01364,0.01790,-3.41565,-3.40957,0.00526,0.01096
-15.776,-3.41570,-3.40996,0.00326,0.00933,-3.40931,-3.40249,0.01271,0.01685,-3.42122,-3.41520,0.00091,0.00638
-15.864,-3.41021,-3.40453,0.00997,0.01588,-3.40968,-3.40293,0.01346,0.01748,-3.42687,-3.42092,-0.00354,0.00171
-15.952,-3.41050,-3.40489,0.01090,0.01665,-3.41090,-3.40423,0.01337,0.01727,-3.43101,-3.42513,-0.00647,-0.00145
-16.040,-3.41395,-3.40840,0.00866,0.01426,-3.41194,-3.40534,0.01346,0.01724,-3.43266,-3.42685,-0.00690,-0.00211
-16.128,-3.41643,-3.41094,0.00740,0.01284,-3.41416,-3.40763,0.01238,0.01603,-3.43267,-3.42693,-0.00570,-0.00113
-16.216,-3.41803,-3.41260,0.00703,0.01230,-3.41633,-3.40987,0.01134,0.01487,-3.43228,-3.42660,-0.00409,0.00025
-16.304,-3.42088,-3.41551,0.00541,0.01052,-3.41951,-3.41313,0.00929,0.01269,-3.43161,-3.42600,-0.00220,0.00191
-16.392,-3.42488,-3.41957,0.00263,0.00758,-3.42283,-3.41652,0.00711,0.01039,-3.43121,-3.42567,-0.00058,0.00330
-16.479,-3.42746,-3.42221,0.00128,0.00607,-3.42408,-3.41785,0.00699,0.01015,-3.43120,-3.42572,0.00065,0.00431
-16.567,-3.42913,-3.42395,0.00084,0.00547,-3.42873,-3.42257,0.00348,0.00652,-3.43374,-3.42833,-0.00067,0.00276
-16.655,-3.42842,-3.42330,0.00278,0.00725,-3.43349,-3.42741,-0.00015,0.00276,-3.43659,-3.43125,-0.00229,0.00091
-16.743,-3.42675,-3.42169,0.00568,0.00999,-3.43843,-3.43242,-0.00394,-0.00115,-3.43743,-3.43215,-0.00190,0.00107
-16.831,-3.42450,-3.41950,0.00916,0.01331,-3.43941,-3.43346,-0.00378,-0.00111,-3.44070,-3.43548,-0.00394,-0.00120
-16.919,-3.42573,-3.42079,0.00918,0.01316,-3.43996,-3.43409,-0.00319,-0.00065,-3.44346,-3.43831,-0.00547,-0.00296
-17.007,-3.43046,-3.42558,0.00568,0.00950,-3.43921,-3.43342,-0.00129,0.00112,-3.44582,-3.44074,-0.00660,-0.00432
-17.095,-3.43405,-3.42923,0.00333,0.00699,-3.44017,-3.43445,-0.00111,0.00118,-3.44849,-3.44347,-0.00804,-0.00598
-17.183,-3.43677,-3.43201,0.00185,0.00534,-3.44140,-3.43575,-0.00119,0.00098,-3.44928,-3.44432,-0.00759,-0.00576
-17.271,-3.44137,-3.43667,-0.00150,0.00183,-3.44386,-3.43827,-0.00249,-0.00045,-3.44954,-3.44465,-0.00662,-0.00502
-17.358,-3.44323,-3.43859,-0.00212,0.00104,-3.44683,-3.44132,-0.00432,-0.00240,-3.44910,-3.44427,-0.00493,-0.00357
-17.446,-3.44574,-3.44116,-0.00338,-0.00038,-3.44933,-3.44389,-0.00566,-0.00387,-3.45029,-3.44552,-0.00488,-0.00375
-17.534,-3.44964,-3.44512,-0.00603,-0.00320,-3.45187,-3.44650,-0.00705,-0.00538,-3.45258,-3.44787,-0.00593,-0.00503
-17.622,-3.45526,-3.45080,-0.01040,-0.00773,-3.45488,-3.44958,-0.00890,-0.00736,-3.45432,-3.44967,-0.00642,-0.00575
-17.710,-3.45743,-3.45303,-0.01132,-0.00882,-3.45758,-3.45236,-0.01045,-0.00903,-3.45883,-3.45425,-0.00969,-0.00926
-17.798,-3.45827,-3.45392,-0.01090,-0.00856,-3.46031,-3.45515,-0.01202,-0.01072,-3.46185,-3.45733,-0.01146,-0.01126
-17.886,-3.46051,-3.45622,-0.01188,-0.00972,-3.46424,-3.45915,-0.01479,-0.01362,-3.46414,-3.45968,-0.01250,-0.01253
-17.974,-3.46368,-3.45946,-0.01380,-0.01180,-3.46543,-3.46041,-0.01482,-0.01377,-3.46612,-3.46172,-0.01323,-0.01349
-18.062,-3.46778,-3.46361,-0.01664,-0.01481,-3.46754,-3.46259,-0.01576,-0.01484,-3.46686,-3.46253,-0.01272,-0.01322
-18.149,-3.47126,-3.46715,-0.01885,-0.01719,-3.47290,-3.46803,-0.01996,-0.01917,-3.46935,-3.46508,-0.01395,-0.01469
-18.237,-3.47482,-3.47077,-0.02116,-0.01967,-3.47803,-3.47322,-0.02392,-0.02325,-3.47211,-3.46789,-0.01545,-0.01642
-18.325,-3.47650,-3.47251,-0.02156,-0.02024,-3.48204,-3.47730,-0.02677,-0.02623,-3.47696,-3.47281,-0.01905,-0.02026
-18.413,-3.47831,-3.47438,-0.02212,-0.02096,-3.48447,-3.47980,-0.02803,-0.02761,-3.48101,-3.47691,-0.02183,-0.02328
-18.501,-3.48172,-3.47784,-0.02425,-0.02327,-3.48573,-3.48113,-0.02811,-0.02783,-3.48265,-3.47862,-0.02221,-0.02390
-18.589,-3.48636,-3.48254,-0.02762,-0.02681,-3.48451,-3.47998,-0.02572,-0.02556,-3.48577,-3.48180,-0.02407,-0.02599
-18.677,-3.49164,-3.48788,-0.03163,-0.03099,-3.48416,-3.47970,-0.02420,-0.02417,-3.48818,-3.48427,-0.02521,-0.02738
-18.765,-3.49652,-3.49282,-0.03523,-0.03477,-3.48657,-3.48218,-0.02544,-0.02553,-3.48910,-3.48525,-0.02486,-0.02727
-18.853,-3.49885,-3.49521,-0.03629,-0.03599,-3.48925,-3.48493,-0.02694,-0.02716,-3.49057,-3.48678,-0.02506,-0.02770
-18.940,-3.50026,-3.49668,-0.03642,-0.03630,-3.49314,-3.48889,-0.02966,-0.03000,-3.49165,-3.48792,-0.02487,-0.02775
-19.028,-3.50254,-3.49902,-0.03743,-0.03748,-3.49694,-3.49276,-0.03228,-0.03275,-3.49325,-3.48958,-0.02520,-0.02832
-19.116,-3.50466,-3.50120,-0.03826,-0.03849,-3.49940,-3.49529,-0.03356,-0.03416,-3.49527,-3.49166,-0.02594,-0.02931
-19.204,-3.50804,-3.50463,-0.04036,-0.04076,-3.50241,-3.49837,-0.03539,-0.03612,-3.49594,-3.49240,-0.02534,-0.02895
-19.292,-3.51072,-3.50737,-0.04175,-0.04233,-3.50381,-3.49983,-0.03560,-0.03646,-3.49746,-3.49397,-0.02558,-0.02943
-19.380,-3.51038,-3.50709,-0.04013,-0.04088,-3.50730,-3.50339,-0.03791,-0.03889,-3.50014,-3.49671,-0.02698,-0.03108
-19.468,-3.50751,-3.50427,-0.03597,-0.03690,-3.51030,-3.50646,-0.03972,-0.04084,-3.50344,-3.50007,-0.02899,-0.03334
-19.556,-3.50811,-3.50494,-0.03529,-0.03639,-3.51032,-3.50654,-0.03855,-0.03979,-3.50715,-3.50384,-0.03143,-0.03601
-19.644,-3.51474,-3.51162,-0.04063,-0.04190,-3.51169,-3.50798,-0.03873,-0.04010,-3.51066,-3.50741,-0.03365,-0.03848
-19.731,-3.51816,-3.51510,-0.04275,-0.04420,-3.51114,-3.50750,-0.03699,-0.03849,-3.51500,-3.51181,-0.03670,-0.04178
-19.819,-3.51671,-3.51370,-0.04000,-0.04163,-3.51190,-3.50833,-0.03656,-0.03819,-3.51843,-3.51530,-0.03884,-0.04417
-19.907,-3.51463,-3.51168,-0.03662,-0.03843,-3.51460,-3.51109,-0.03806,-0.03982,-3.51931,-3.51624,-0.03843,-0.04401
-19.995,-3.51745,-3.51455,-0.03814,-0.04012,-3.51866,-3.51522,-0.04093,-0.04281,-3.52046,-3.51744,-0.03829,-0.04411
-20.083,-3.52204,-3.51920,-0.04144,-0.04360,-3.52266,-3.51929,-0.04374,-0.04575,-3.52353,-3.52057,-0.04007,-0.04613
-20.171,-3.52451,-3.52172,-0.04260,-0.04494,-3.52407,-3.52076,-0.04395,-0.04609,-3.52679,-3.52389,-0.04204,-0.04835
-20.259,-3.52345,-3.52071,-0.04024,-0.04275,-3.52537,-3.52213,-0.04405,-0.04632,-3.52915,-3.52630,-0.04309,-0.04965
-20.347,-3.52338,-3.52071,-0.03887,-0.04156,-3.52668,-3.52350,-0.04415,-0.04655,-3.53043,-3.52765,-0.04308,-0.04989
-20.435,-3.52470,-3.52208,-0.03888,-0.04175,-3.52946,-3.52634,-0.04573,-0.04825,-3.53128,-3.52855,-0.04262,-0.04968
-20.522,-3.52691,-3.52435,-0.03978,-0.04283,-3.53218,-3.52913,-0.04725,-0.04990,-3.53091,-3.52824,-0.04095,-0.04826
-20.610,-3.52807,-3.52556,-0.03963,-0.04286,-3.53488,-3.53190,-0.04875,-0.05153,-3.53099,-3.52838,-0.03973,-0.04729
-20.698,-3.53118,-3.52872,-0.04142,-0.04483,-3.53459,-3.53166,-0.04724,-0.05015,-3.53090,-3.52834,-0.03833,-0.04614
-20.786,-3.53411,-3.53171,-0.04304,-0.04663,-3.53532,-3.53246,-0.04677,-0.04980,-3.53069,-3.52818,-0.03681,-0.04487
-20.874,-3.53812,-3.53577,-0.04574,-0.04950,-3.53704,-3.53424,-0.04727,-0.05044,-3.53007,-3.52762,-0.03488,-0.04319
-20.962,-3.54233,-3.54002,-0.04862,-0.05256,-3.53893,-3.53620,-0.04796,-0.05125,-3.53118,-3.52878,-0.03468,-0.04324
-21.050,-3.54514,-3.54289,-0.05011,-0.05424,-3.54117,-3.53850,-0.04898,-0.05240,-3.53136,-3.52902,-0.03355,-0.04236
-21.138,-3.54741,-3.54521,-0.05107,-0.05537,-3.54165,-3.53904,-0.04824,-0.05179,-3.53420,-3.53191,-0.03507,-0.04413
-21.226,-3.54845,-3.54631,-0.05078,-0.05527,-3.54141,-3.53886,-0.04679,-0.05046,-3.53772,-3.53548,-0.03727,-0.04659
-21.313,-3.54822,-3.54613,-0.04923,-0.05389,-3.54070,-3.53821,-0.04486,-0.04866,-3.54138,-3.53920,-0.03962,-0.04919
-21.401,-3.54762,-3.54557,-0.04730,-0.05214,-3.53982,-3.53739,-0.04276,-0.04669,-3.54320,-3.54107,-0.04011,-0.04993
-21.489,-3.54644,-3.54444,-0.04479,-0.04981,-3.54139,-3.53902,-0.04311,-0.04717,-3.54500,-3.54292,-0.04059,-0.05066
-21.577,-3.54618,-3.54423,-0.04320,-0.04840,-3.54436,-3.54205,-0.04486,-0.04904,-3.54522,-3.54320,-0.03949,-0.04982
-21.665,-3.54449,-3.54260,-0.04018,-0.04557,-3.54659,-3.54434,-0.04587,-0.05018,-3.54641,-3.54444,-0.03936,-0.04994
-21.753,-3.54485,-3.54301,-0.03921,-0.04477,-3.54766,-3.54546,-0.04571,-0.05014,-3.54639,-3.54447,-0.03801,-0.04885
-21.841,-3.54778,-3.54598,-0.04080,-0.04655,-3.54824,-3.54610,-0.04507,-0.04963,-3.54774,-3.54586,-0.03802,-0.04911
-21.929,-3.55234,-3.55059,-0.04402,-0.04995,-3.54910,-3.54702,-0.04470,-0.04938,-3.54935,-3.54753,-0.03831,-0.04965
-22.017,-3.55332,-3.55162,-0.04366,-0.04977,-3.55049,-3.54847,-0.04487,-0.04967,-3.54991,-3.54814,-0.03754,-0.04914
-22.104,-3.55223,-3.55057,-0.04123,-0.04752,-3.55284,-3.55088,-0.04599,-0.05092,-3.55218,-3.55045,-0.03847,-0.05032
-22.192,-3.55040,-3.54879,-0.03805,-0.04453,-3.55431,-3.55240,-0.04622,-0.05128,-3.55550,-3.55383,-0.04046,-0.05257
-22.280,-3.55291,-3.55135,-0.03922,-0.04587,-3.55590,-3.55405,-0.04658,-0.05176,-3.55955,-3.55793,-0.04317,-0.05553
-22.368,-3.55785,-3.55634,-0.04282,-0.04966,-3.55891,-3.55712,-0.04836,-0.05366,-3.56129,-3.55971,-0.04356,-0.05618
-22.456,-3.56365,-3.56218,-0.04726,-0.05428,-3.56076,-3.55902,-0.04897,-0.05440,-3.55962,-3.55809,-0.04056,-0.05343
-22.544,-3.56658,-3.56516,-0.04885,-0.05605,-3.56126,-3.55957,-0.04823,-0.05379,-3.55562,-3.55414,-0.03522,-0.04834
-22.632,-3.56666,-3.56528,-0.04758,-0.05496,-3.56280,-3.56116,-0.04853,-0.05421,-3.55756,-3.55612,-0.03581,-0.04919
-22.720,-3.56585,-3.56452,-0.04541,-0.05298,-3.56208,-3.56050,-0.04657,-0.05237,-3.55804,-3.55665,-0.03494,-0.04858
-22.808,-3.56456,-3.56327,-0.04277,-0.05052,-3.56027,-3.55873,-0.04352,-0.04944,-3.55960,-3.55825,-0.03515,-0.04905
-22.896,-3.56428,-3.56303,-0.04113,-0.04905,-3.56147,-3.55999,-0.04347,-0.04952,-3.56312,-3.56182,-0.03732,-0.05148
-22.983,-3.56340,-3.56220,-0.03890,-0.04700,-3.56137,-3.55993,-0.04213,-0.04829,-3.56413,-3.56287,-0.03698,-0.05139
-23.071,-3.56196,-3.56079,-0.03609,-0.04438,-3.56074,-3.55936,-0.04025,-0.04654,-3.56505,-3.56383,-0.03655,-0.05121
-23.159,-3.56038,-3.55925,-0.03315,-0.04162,-3.56108,-3.55974,-0.03934,-0.04575,-3.56623,-3.56506,-0.03637,-0.05129
-23.247,-3.55984,-3.55876,-0.03125,-0.03990,-3.56235,-3.56106,-0.03937,-0.04589,-3.56557,-3.56444,-0.03435,-0.04953
-23.335,-3.55942,-3.55837,-0.02946,-0.03829,-3.56273,-3.56149,-0.03849,-0.04514,-3.56289,-3.56180,-0.03032,-0.04575
-23.423,-3.55927,-3.55827,-0.02794,-0.03696,-3.56433,-3.56314,-0.03884,-0.04561,-3.56231,-3.56126,-0.02837,-0.04406
-23.511,-3.55982,-3.55885,-0.02712,-0.03631,-3.56503,-3.56388,-0.03829,-0.04518,-3.56220,-3.56119,-0.02690,-0.04285
-23.599,-3.56032,-3.55939,-0.02625,-0.03563,-3.56346,-3.56236,-0.03546,-0.04247,-3.56252,-3.56155,-0.02586,-0.04206
-23.687,-3.56110,-3.56021,-0.02566,-0.03522,-3.56172,-3.56067,-0.03247,-0.03959,-3.56278,-3.56186,-0.02476,-0.04122
-23.774,-3.56206,-3.56121,-0.02525,-0.03499,-3.56109,-3.56008,-0.03058,-0.03782,-3.56265,-3.56176,-0.02325,-0.03997
-23.862,-3.56336,-3.56254,-0.02517,-0.03509,-3.56186,-3.56089,-0.03009,-0.03745,-3.56310,-3.56225,-0.02233,-0.03931
-23.950,-3.56506,-3.56427,-0.02549,-0.03559,-3.56201,-3.56108,-0.02897,-0.03645,-3.56391,-3.56309,-0.02177,-0.03901
-24.038,-3.56697,-3.56622,-0.02602,-0.03630,-3.56163,-3.56074,-0.02733,-0.03493,-3.56468,-3.56390,-0.02117,-0.03866
-24.126,-3.56747,-3.56676,-0.02514,-0.03560,-3.55935,-3.55850,-0.02378,-0.03149,-3.56442,-3.56368,-0.01954,-0.03728
-24.214,-3.56690,-3.56622,-0.02319,-0.03383,-3.55837,-3.55757,-0.02155,-0.02937,-3.56420,-3.56349,-0.01794,-0.03594
-24.302,-3.56509,-3.56445,-0.01999,-0.03082,-3.56063,-3.55986,-0.02253,-0.03047,-3.56455,-3.56387,-0.01691,-0.03517
-24.390,-3.56282,-3.56220,-0.01633,-0.02733,-3.56204,-3.56131,-0.02267,-0.03073,-3.56602,-3.56538,-0.01700,-0.03552
-24.478,-3.56108,-3.56049,-0.01320,-0.02438,-3.56361,-3.56292,-0.02298,-0.03115,-3.56814,-3.56753,-0.01774,-0.03651
-24.565,-3.55997,-3.55941,-0.01070,-0.02206,-3.56314,-3.56248,-0.02123,-0.02952,-3.57019,-3.56962,-0.01841,-0.03744
-24.653,-3.56055,-3.56003,-0.00989,-0.02143,-3.55986,-3.55924,-0.01668,-0.02507,-3.57023,-3.56969,-0.01706,-0.03635
-24.741,-3.56163,-3.56114,-0.00958,-0.02130,-3.55663,-3.55604,-0.01218,-0.02069,-3.56807,-3.56755,-0.01351,-0.03306
-24.829,-3.56175,-3.56129,-0.00830,-0.02021,-3.55639,-3.55583,-0.01066,-0.01928,-3.56663,-3.56614,-0.01069,-0.03048
-24.917,-3.55832,-3.55789,-0.00348,-0.01556,-3.55832,-3.55780,-0.01132,-0.02005,-3.56362,-3.56316,-0.00628,-0.02634
-25.005,-3.55561,-3.55520,0.00064,-0.01162,-3.56140,-3.56091,-0.01311,-0.02195,-3.56008,-3.55966,-0.00136,-0.02167
-25.093,-3.55750,-3.55712,0.00015,-0.01229,-3.56175,-3.56129,-0.01218,-0.02113,-3.55824,-3.55784,0.00188,-0.01869
-25.181,-3.56263,-3.56228,-0.00358,-0.01620,-3.56033,-3.55990,-0.00948,-0.01854,-3.55740,-3.55702,0.00412,-0.01670
-25.269,-3.56767,-3.56734,-0.00722,-0.02001,-3.55913,-3.55874,-0.00700,-0.01617,-3.55803,-3.55768,0.00488,-0.01620
-25.356,-3.56849,-3.56818,-0.00663,-0.01960,-3.55893,-3.55856,-0.00552,-0.01479,-3.55790,-3.55758,0.00641,-0.01492
-25.444,-3.56443,-3.56414,-0.00116,-0.01431,-3.55843,-3.55808,-0.00372,-0.01311,-3.55441,-3.55411,0.01130,-0.01029
-25.532,-3.55915,-3.55888,0.00554,-0.00779,-3.55855,-3.55823,-0.00256,-0.01205,-3.54917,-3.54890,0.01794,-0.00390
-25.620,-3.55558,-3.55534,0.01051,-0.00299,-3.55904,-3.55875,-0.00176,-0.01136,-3.54375,-3.54350,0.02477,0.00267
-25.708,-3.55513,-3.55490,0.01238,-0.00130,-3.55725,-3.55699,0.00132,-0.00838,-3.53939,-3.53916,0.03054,0.00818
-25.796,-3.55404,-3.55383,0.01489,0.00103,-3.55526,-3.55501,0.00461,-0.00520,-3.53909,-3.53888,0.03224,0.00963
-25.884,-3.55228,-3.55209,0.01806,0.00403,-3.55279,-3.55257,0.00837,-0.00154,-3.53943,-3.53924,0.03331,0.01045
-25.972,-3.55063,-3.55047,0.02112,0.00691,-3.54998,-3.54978,0.01247,0.00246,-3.54106,-3.54089,0.03309,0.00997
-26.060,-3.54781,-3.54766,0.02537,0.01098,-3.54709,-3.54691,0.01666,0.00655,-3.54309,-3.54293,0.03248,0.00911
-26.147,-3.54588,-3.54575,0.02872,0.01416,-3.54455,-3.54439,0.02050,0.01028,-3.53901,-3.53887,0.03798,0.01435
-26.235,-3.54481,-3.54469,0.03121,0.01648,-3.54248,-3.54234,0.02386,0.01355,-3.53145,-3.53133,0.04695,0.02307
-26.323,-3.54350,-3.54340,0.03395,0.01904,-3.54202,-3.54190,0.02563,0.01521,-3.53141,-3.53130,0.04841,0.02427
-26.411,-3.54265,-3.54256,0.03623,0.02114,-3.54092,-3.54082,0.02802,0.01751,-3.53658,-3.53648,0.04466,0.02027
-26.499,-3.54236,-3.54228,0.03795,0.02269,-3.53897,-3.53888,0.03128,0.02067,-3.54094,-3.54086,0.04173,0.01708
-26.587,-3.54303,-3.54296,0.03871,0.02328,-3.53704,-3.53696,0.03452,0.02381,-3.54309,-3.54302,0.04100,0.01610
-26.675,-3.54223,-3.54217,0.04095,0.02534,-3.53492,-3.53485,0.03795,0.02714,-3.54186,-3.54180,0.04365,0.01850
-26.763,-3.54178,-3.54173,0.04283,0.02705,-3.53306,-3.53301,0.04111,0.03021,-3.53835,-3.53830,0.04859,0.02319
-26.851,-3.54055,-3.54051,0.04549,0.02955,-3.53275,-3.53271,0.04273,0.03174,-3.53309,-3.53305,0.05528,0.02963
-26.938,-3.53961,-3.53959,0.04787,0.03175,-3.53263,-3.53259,0.04417,0.03308,-3.52962,-3.52959,0.06018,0.03427
-27.026,-3.53826,-3.53824,0.05066,0.03437,-3.53049,-3.53047,0.04762,0.03643,-3.52857,-3.52855,0.06266,0.03651
-27.114,-3.53649,-3.53647,0.05388,0.03741,-3.52879,-3.52878,0.05063,0.03935,-3.53003,-3.53001,0.06264,0.03623
-27.202,-3.53381,-3.53380,0.05800,0.04137,-3.52685,-3.52684,0.05389,0.04252,-3.53119,-3.53117,0.06292,0.03626
-27.290,-3.52948,-3.52948,0.06377,0.04697,-3.52420,-3.52420,0.05785,0.04639,-3.52958,-3.52957,0.06596,0.03906
-27.378,-3.52545,-3.52545,0.06925,0.05228,-3.52305,-3.52305,0.06032,0.04877,-3.52679,-3.52679,0.07019,0.04303
-27.466,-3.52139,-3.52139,0.07476,0.05762,-3.52050,-3.52050,0.06419,0.05255,-3.52316,-3.52316,0.07527,0.04786
-27.554,-3.51804,-3.51804,0.07956,0.06225,-3.51886,-3.51886,0.06716,0.05543,-3.51925,-3.51925,0.08061,0.05296
-27.642,-3.51497,-3.51497,0.08409,0.06661,-3.51692,-3.51692,0.07042,0.05861,-3.51506,-3.51506,0.08625,0.05834
-27.729,-3.51387,-3.51387,0.08664,0.06899,-3.51359,-3.51359,0.07507,0.06317,-3.51033,-3.51033,0.09243,0.06427
-27.817,-3.51225,-3.51225,0.08971,0.07190,-3.51118,-3.51118,0.07881,0.06682,-3.50795,-3.50795,0.09626,0.06785
-27.905,-3.51029,-3.51029,0.09313,0.07515,-3.50942,-3.50942,0.08189,0.06982,-3.50594,-3.50594,0.09971,0.07106
-27.993,-3.50955,-3.50955,0.09533,0.07718,-3.50603,-3.50603,0.08662,0.07446,-3.50351,-3.50351,0.10360,0.07469
-28.081,-3.50717,-3.50717,0.09917,0.08084,-3.50431,-3.50431,0.08966,0.07741,-3.50160,-3.50160,0.10696,0.07780
-28.169,-3.50591,-3.50591,0.10190,0.08340,-3.50136,-3.50136,0.09395,0.08161,-3.49892,-3.49892,0.11110,0.08169
-28.257,-3.50384,-3.50384,0.10543,0.08677,-3.49931,-3.49931,0.09733,0.08490,-3.49775,-3.49775,0.11372,0.08405
-28.345,-3.50279,-3.50279,0.10795,0.08911,-3.49510,-3.49510,0.10287,0.09035,-3.49679,-3.49679,0.11615,0.08623
-28.433,-3.50129,-3.50129,0.11091,0.09190,-3.49100,-3.49100,0.10831,0.09571,-3.49682,-3.49682,0.11758,0.08740
-28.521,-3.49957,-3.49957,0.11410,0.09492,-3.48873,-3.48873,0.11192,0.09923,-3.49589,-3.49589,0.11997,0.08954
-28.608,-3.49628,-3.49628,0.11887,0.09951,-3.48695,-3.48695,0.11503,0.10225,-3.49257,-3.49257,0.12475,0.09406
-28.696,-3.49422,-3.49422,0.12240,0.10287,-3.48461,-3.48461,0.11872,0.10584,-3.49047,-3.49047,0.12832,0.09737
-28.784,-3.49313,-3.49313,0.12497,0.10526,-3.48188,-3.48188,0.12280,0.10983,-3.48693,-3.48693,0.13332,0.10212
-28.872,-3.49150,-3.49150,0.12807,0.10819,-3.47797,-3.47797,0.12804,0.11499,-3.48482,-3.48482,0.13690,0.10544
-28.960,-3.49003,-3.49003,0.13102,0.11096,-3.47476,-3.47476,0.13260,0.11945,-3.48122,-3.48122,0.14197,0.11025
-29.048,-3.48752,-3.48752,0.13502,0.11478,-3.47251,-3.47251,0.13619,0.12295,-3.47605,-3.47605,0.14862,0.11664
-29.136,-3.48497,-3.48497,0.13904,0.11863,-3.47036,-3.47036,0.13969,0.12636,-3.46965,-3.46965,0.15650,0.12425
-29.224,-3.48155,-3.48155,0.14395,0.12336,-3.46745,-3.46745,0.14395,0.13053,-3.46508,-3.46508,0.16254,0.13004
-29.312,-3.47909,-3.47909,0.14789,0.12712,-3.46555,-3.46555,0.14720,0.13369,-3.46236,-3.46236,0.16674,0.13397
-29.399,-3.47593,-3.47593,0.15254,0.13159,-3.46441,-3.46441,0.14969,0.13608,-3.45979,-3.45979,0.17078,0.13776
-29.487,-3.47250,-3.47250,0.15746,0.13633,-3.46116,-3.46116,0.15430,0.14060,-3.45875,-3.45875,0.17331,0.14002
-29.575,-3.47022,-3.47022,0.16123,0.13992,-3.46095,-3.46095,0.15587,0.14207,-3.45755,-3.45755,0.17600,0.14244
-29.663,-3.46802,-3.46802,0.16493,0.14344,-3.45936,-3.45936,0.15882,0.14493,-3.45527,-3.45527,0.17976,0.14594
-29.751,-3.46576,-3.46576,0.16868,0.14701,-3.45593,-3.45593,0.16360,0.14961,-3.45398,-3.45398,0.18254,0.14845
-29.839,-3.46363,-3.46363,0.17231,0.15046,-3.45272,-3.45272,0.16817,0.15409,-3.45316,-3.45316,0.18485,0.15050
-29.927,-3.46140,-3.46140,0.17604,0.15401,-3.44948,-3.44948,0.17277,0.15860,-3.45207,-3.45207,0.18742,0.15281
